[
    {
        "ItemKey":"TestPageQue",
        "_ObjectScript": "res://assets/Scripts/Items/Equipment/BaseQueEquipment.gd",
        "Details":{
			"DisplayName": "Test Page Que",
			"SnippetDesc": "An page que made for testing.",
			"Description": "Description.",
			"Tags": ["Que"],
			"LargeIcon":"TestBook.png",
			"SmallIcon":"TestBook.png"
		},
        "PagesPerRound": 4,
        "PageTagSlots": {
            "Any": 8
        }
    },
    {
        "ItemKey":"PageQue_FieldManual",
        "_ObjectScript": "res://assets/Scripts/Items/Equipment/BaseQueEquipment.gd",
        "Details":{
			"DisplayName": "Field Manual",
			"SnippetDesc": "Basic reading for all soldiers.",
			"Description": "Description.",
			"Tags": ["Que"],
			"LargeIcon":"FieldManual.png",
			"SmallIcon":"FieldManual.png"
		},
        "PagesPerRound": 5,
        "PageTagSlots": {
            "Any": 6,
			"Tactic": 2
        }
    },
    {
        "ItemKey":"PageQue_NoviceNoteBook",
        "_ObjectScript": "res://assets/Scripts/Items/Equipment/BaseQueEquipment.gd",
        "Details":{
			"DisplayName": "Novice's Notebook",
			"SnippetDesc": "Pefect for the mage just starting out.",
			"Description": "Description.",
			"Tags": ["Que"],
			"LargeIcon":"NoteBook.png",
			"SmallIcon":"NoteBook.png"
		},
        "PagesPerRound": 3,
        "PageTagSlots": {
            "Any": 6,
			"Spell": 4
        }
    },
    {
        "ItemKey":"TestBag",
        "_ObjectScript": "res://assets/Scripts/Items/Equipment/BaseBagEquipment.gd",
        "Details":{
			"DisplayName": "Test Bag",
			"SnippetDesc": "An bag made for testing.",
			"Description": "Description.",
			"Tags": ["Bag"],
			"LargeIcon":"TestBag.png",
			"SmallIcon":"TestBag.png"
		},
        "ItemTagSlots": {
            "Any": 6,
			"Potion": 2
        }
    },
    {
        "ItemKey":"TestBag2",
        "_ObjectScript": "res://assets/Scripts/Items/Equipment/BaseBagEquipment.gd",
        "Details":{
			"DisplayName": "Test Bag",
			"SnippetDesc": "An bag made for testing.",
			"Description": "Description.",
			"Tags": ["Bag"],
			"LargeIcon":"TestBag2.png",
			"SmallIcon":"TestBag2.png"
		},
        "ItemTagSlots": {
            "Any": 6,
			"Bomb": 2
        }
    },
    {
        "ItemKey":"TestHelm",
        "_ObjectScript": "res://assets/Scripts/Items/Equipment/BaseArmorEquipment.gd",
        "Details":{
			"DisplayName": "Test Helm",
			"SnippetDesc": "An helmet made for testing.",
			"Description": "Description.",
			"Tags": ["Head"],
			"LargeIcon":"TestHelm.png",
			"SmallIcon":"TestHelm.png"
		},
        "SpriteSheet":"TestHelm_SpriteSheet.png",
        "EquipSlot":"Head",
        "Armor": 10,
        "Ward": 0
    },
    {
        "ItemKey":"RedHat",
        "_ObjectScript": "res://assets/Scripts/Items/Equipment/BaseArmorEquipment.gd",
        "Details":{
			"DisplayName": "Red Hat",
			"SnippetDesc": "An Red Hat made for testing.",
			"Description": "Description.",
			"Tags": ["Head"],
			"LargeIcon":"RedHat.png",
			"SmallIcon":"RedHat.png"
		},
        "SpriteSheet":"RedHat_SpriteSheet.png",
        "EquipSlot":"Head",
        "Armor": 10,
        "Ward": 0
    },
    {
        "ItemKey":"HolyHat",
        "_ObjectScript": "res://assets/Scripts/Items/Equipment/BaseArmorEquipment.gd",
        "Details":{
			"DisplayName": "Holy Hat",
			"SnippetDesc": "An Holy Hat made for testing.",
			"Description": "Description.",
			"Tags": ["Head"],
			"LargeIcon":"HolyHat.png",
			"SmallIcon":"HolyHat.png"
		},
        "SpriteSheet":"HolyHat_SpriteSheet.png",
        "EquipSlot":"Head",
        "Armor": 10,
        "Ward": 0
    },
    {
        "ItemKey":"TestShirt",
        "_ObjectScript": "res://assets/Scripts/Items/Equipment/BaseArmorEquipment.gd",
        "Details":{
			"DisplayName": "Test Shirt",
			"SnippetDesc": "An shirt made for testing.",
			"Description": "Description.",
			"Tags": ["Body"],
			"LargeIcon":"TestArmor.png",
			"SmallIcon":"TestArmor.png"
		},
        "SpriteSheet":"TestArmor_SpriteSheet.png",
        "EquipSlot":"Body",
        "Armor": 10,
        "Ward": 0
    },
    {
        "ItemKey":"GreenShirt",
        "_ObjectScript": "res://assets/Scripts/Items/Equipment/BaseArmorEquipment.gd",
        "Details":{
			"DisplayName": "Greening Shirt",
			"SnippetDesc": "An shirt made for greening.",
			"Description": "Description.",
			"Tags": ["Body"],
			"LargeIcon":"GreenShirt.png",
			"SmallIcon":"GreenShirt.png"
		},
        "SpriteSheet":"GreenShirt_SpriteSheet.png",
        "EquipSlot":"Body",
        "Armor": 5,
        "Ward": 0
    },
    {
        "ItemKey":"RedRobes",
        "_ObjectScript": "res://assets/Scripts/Items/Equipment/BaseArmorEquipment.gd",
        "Details":{
			"DisplayName": "Red Robes",
			"SnippetDesc": "An Red Shirt made for testing.",
			"Description": "Description.",
			"Tags": ["Body"],
			"LargeIcon":"RedRobes.png",
			"SmallIcon":"RedRobes.png"
		},
        "StatMods":{
			"StatMod1": { 
				"StatName": "Intelligence",
				"DisplayName": "RedRobes",
				"ModType":"Add", 
				"Value":5
			}
		},
        "EquipSlot":"Body",
        "SpriteSheet":"RedRobes_SpriteSheet.png",
        "Armor": 0,
        "Ward": 5
    },
    {
        "ItemKey":"HolyRobes",
        "_ObjectScript": "res://assets/Scripts/Items/Equipment/BaseArmorEquipment.gd",
        "Details":{
			"DisplayName": "Holy Robes",
			"SnippetDesc": "An Holy Robes made for testing.",
			"Description": "Description.",
			"Tags": ["Body"],
			"LargeIcon":"HolyRobes.png",
			"SmallIcon":"HolyRobes.png"
		},
        "EquipSlot":"Body",
        "SpriteSheet":"HolyRobes_SpriteSheet.png",
        "Armor": 0,
        "Ward": 10
    },
    {
        "ItemKey":"TestBoots",
        "_ObjectScript": "res://assets/Scripts/Items/Equipment/BaseArmorEquipment.gd",
        "Details":{
			"DisplayName": "Test Boots",
			"SnippetDesc": "An boots made for testing.",
			"Description": "Description.",
			"Tags": ["Feet"],
			"LargeIcon":"TestBoots.png",
			"SmallIcon":"TestBoots.png"
		},
        "SpriteSheet":"TestBoots_SpriteSheet.png",
        "EquipSlot":"Feet",
        "Armor": 10,
        "Ward": 0
    },
    {
        "ItemKey":"TestTrinket",
        "_ObjectScript": "res://assets/Scripts/Items/Equipment/BaseArmorEquipment.gd",
        "Details":{
			"DisplayName": "Test Trinket",
			"SnippetDesc": "An trinket made for testing.",
			"Description": "Description.",
			"Tags": ["Trinket"],
			"LargeIcon":"TestTrinket.png",
			"SmallIcon":"TestTrinket.png"
		},
        "StatMods":{
			"StatMod1": { 
				"StatName": "Agility",
				"DisplayName": "TestTrinket AGI mod",
				"ModType":"Add", 
				"Value":5
			}
		},
        "EquipSlot":"Trinket",
        "Armor": 0,
        "Ward": 10
    },
    {
        "ItemKey":"TestTrinket2",
        "_ObjectScript": "res://assets/Scripts/Items/Equipment/BaseArmorEquipment.gd",
        "Details":{
			"DisplayName": "Test Trinket",
			"SnippetDesc": "An trinket made for testing.",
			"Description": "Description.",
			"Tags": ["Trinket"],
			"LargeIcon":"TestTrinket2.png",
			"SmallIcon":"TestTrinket2.png"
		},
        "StatMods":{
			"StatMod1": { 
				"StatName": "Intelligence",
				"DisplayName": "TestTrinket INT mod",
				"ModType":"Add", 
				"Value":5
			}
		},
        "EquipSlot":"Trinket",
        "Armor": 0,
        "Ward": 10
    },
    {
        "ItemKey":"TestTrinket3",
        "_ObjectScript": "res://assets/Scripts/Items/Equipment/BaseArmorEquipment.gd",
        "Details":{
			"DisplayName": "Test Trinket",
			"SnippetDesc": "An trinket made for testing.",
			"Description": "Description.",
			"Tags": ["Trinket"],
			"LargeIcon":"TestTrinket3.png",
			"SmallIcon":"TestTrinket3.png"
		},
        "StatMods":{
			"StatMod1": { 
				"StatName": "Strength",
				"DisplayName": "TestTrinket STR mod",
				"ModType":"Add", 
				"Value":5
			}
		},
        "EquipSlot":"Trinket",
        "Armor": 0,
        "Ward": 10
    },
    {
        "ItemKey":"TestShield",
        "_ObjectScript": "res://assets/Scripts/Items/Equipment/BaseArmorEquipment.gd",
        "Details":{
			"DisplayName": "Test Shield",
			"SnippetDesc": "An shield made for testing.",
			"Description": "Description.",
			"Tags": ["OffHand","Shield"],
			"LargeIcon":"TestShield.png",
			"SmallIcon":"TestShield.png"
		},
        "StatMods":{},
        "SpriteSheet":"TestShield_SpriteSheet.png",
        "EquipSlot":"OffHand",
        "Armor": 10,
        "Ward": 0
    },
    {
        "ItemKey":"TestOrb",
        "_ObjectScript": "res://assets/Scripts/Items/Equipment/BaseArmorEquipment.gd",
        "Details":{
			"DisplayName": "Test Orb",
			"SnippetDesc": "An orb made for testing.",
			"Description": "Description.",
			"Tags": ["OffHand","Orb"],
			"LargeIcon":"TestOrb.png",
			"SmallIcon":"TestOrb.png"
		},
        "StatMods":{
			"StatMod1": { 
				"StatName": "Intelligence",
				"DisplayName": "Orb +INT",
				"ModType":"Fixed", 
				"Value":5 
			}
		},
        "SpriteSheet":"TestOrb_SpriteSheet.png",
        "EquipSlot":"OffHand",
        "Armor": 0,
        "Ward": 5
    }
]