[
	{
		"VFXKey": "Slash_DamageEffect",
		"AnimationName": "6_sprites_250ms_frames",
		"AnimationSpeed": 2,
		"SpriteName": "SlashEffect.png",
		"SpriteSheetWidth": 2,
		"SpriteSheetHight": 3,
		"RandomOffsets": [0, 0]
	},
	{
		"VFXKey": "Pierce_DamageEffect",
		"AnimationName": "4_sprites_250ms_frames",
		"AnimationSpeed": 2,
		"SpriteName": "ShotEffect.png",
		"SpriteSheetWidth": 2,
		"SpriteSheetHight": 2,
		"RandomOffsets": [0.5, 0.5]
	},
	{
		"VFXKey": "Blunt_DamageEffect",
		"AnimationName": "6_sprites_250ms_frames",
		"AnimationSpeed": 2,
		"SpriteName": "SlamEffect.png",
		"SpriteSheetWidth": 2,
		"SpriteSheetHight": 3,
		"RandomOffsets": [0, 0]
	},
	{
		"VFXKey": "Exploision_DamageEffect",
		"AnimationName": "6_sprites_250ms_frames",
		"AnimationSpeed": 2,
		"SpriteName": "FireEffect.png",
		"SpriteSheetWidth": 2,
		"SpriteSheetHight": 3,
		"RandomOffsets": [0, 0]
	},
	{
		"VFXKey": "SmallIce_DamageEffect",
		"AnimationName": "6_sprites_250ms_frames",
		"AnimationSpeed": 2,
		"SpriteName": "IceSmallEffect.png",
		"SpriteSheetWidth": 2,
		"SpriteSheetHight": 3,
		"Scale": 2,
		"RandomOffsets": [0.5, 0.5]
	},
	{
		"VFXKey": "SmallFire_DamageEffect",
		"AnimationName": "6_sprites_250ms_frames",
		"AnimationSpeed": 2.5,
		"SpriteName": "FireSmallEffect.png",
		"SpriteSheetWidth": 2,
		"SpriteSheetHight": 3,
		"Scale": 2,
		"RandomOffsets": [0.25, 0.25]
	},
	{
		"VFXKey": "SmallLightning_DamageEffect",
		"AnimationName": "4_sprites_250ms_frames",
		"AnimationSpeed": 2,
		"SpriteName": "LightningSmallEffect.png",
		"SpriteSheetWidth": 2,
		"SpriteSheetHight": 2,
		"Scale": 2,
		"RandomOffsets": [0.5, 0.5]
	},
	{
		"VFXKey": "Poison_DamageEffect",
		"AnimationName": "6_sprites_250ms_frames",
		"AnimationSpeed": 1,
		"SpriteName": "PoisonEffect.png",
		"ShakeActor": false,
		"SpriteSheetWidth": 2,
		"SpriteSheetHight": 3,
		"RandomOffsets": [0.5, 0.0],
		"FixedOffset": [0,-16]
	},
	{
		"VFXKey": "Heal_DamageEffect",
		"AnimationName": "6_sprites_250ms_frames",
		"AnimationSpeed": 1,
		"SpriteName": "HealEffect.png",
		"ShakeActor": false,
		"SpriteSheetWidth": 2,
		"SpriteSheetHight": 3,
		"RandomOffsets": [0.5, 0.0],
		"FixedOffset": [0,-16]
	}
]
