[
	{
		"ActionKey": "TestSlash",
		"CostData": {
			"Stamina": 10
		},
		"DamageDatas": {
			"Damage1": {
				"AtkPower": 100,
				"AtkStat": "Strength",
				"BaseDamage": 0,
				"DamageEffect": "Slash_DamageEffect",
				"DamageType": "Slash",
				"DamageVarient": 0,
				"DefenseType": "Armor"
			}
		},
		"Details": {
			"Description": "Test Target Test Target Test Target Test Target",
			"DisplayName": "Test Slash",
			"LargeIcon": "TestSwordAttack.png",
			"SmallIcon": "TestSwordAttack.png",
			"SnippetDesc": "Test Targeting",
			"Tags": [
				"Attack",
				"Slash",
				"Tactic"
			]
		},
		"MissileDatas": {},
		"Preview": {
			"PreviewTargetKey": "TargetParam1"
		},
		"SubActions": {
			"10": [
				{
					"AllowAlreadyTargeted": false,
					"AllowAutoTarget": true,
					"SetTargetKey": "Target1",
					"SubActionScript": "res://assets/Scripts/Actions/SubActions/SubAct_GetTarget.gd",
					"TargetParamKey": "TargetParam1"
				}
			],
			"11": [
				{
					"SubActionScript": "res://assets/Scripts/Actions/SubActions/SubAct_AnimationFinish.gd"
				},
				{
					"DamageKey": "Damage1",
					"SubActionScript": "res://assets/Scripts/Actions/SubActions/SubAct_ApplyDamage.gd",
					"TargetKey": "Target1"
				}
			],
			"5": [
				{
					"Animation": "weapon_swing/swing_ready_main_hand",
					"SubActionScript": "res://assets/Scripts/Actions/SubActions/SubAct_AnimationInTo.gd"
				}
			]
		},
		"TargetParams": {
			"TargetParam1": {
				"EffectsAllies": false,
				"EffectsEnemies": false,
				"LineOfSight": true,
				"TargetArea": "[[-1,1],[0,1],[1,1],[-1,2],[0,2],[1,2],[-1,3],[0,3],[1,3],[0,4],[-1,4],[1,4]]",
				"TargetType": "Actor"
			}
		}
	},
	{
		"ActionKey": "Charge",
		"CostData": {
			"Stamina": 40
		},
		"DamageDatas": {
			"Damage1": {
				"AtkPower": 100,
				"AtkStat": "Strength",
				"BaseDamage": 0,
				"DamageEffect": "Slash_DamageEffect",
				"DamageType": "Slash",
				"DamageVarient": 0,
				"DefenseType": "Armor"
			}
		},
		"Details": {
			"Description": "Charge at the target and deal 100±10% damage.",
			"DisplayName": "Test Charge ",
			"LargeIcon": "TestCharge.png",
			"SmallIcon": "TestCharge.png",
			"SnippetDesc": "Test Charge",
			"Tags": [
				"Attack",
				"Slash",
				"Tactic"
			]
		},
		"MissileDatas": {},
		"Preview": {
			"PreviewTargetKey": "TargetParam1"
		},
		"SubActions": {
			"1": [
				{
					"MovementType": "Walk",
					"RelativePos": [
						0,
						-1,
						0,
						0
					],
					"SubActionScript": "res://assets/Scripts/Actions/SubActions/SubAct_Move.gd"
				}
			],
			"10": [
				{
					"AllowAlreadyTargeted": false,
					"AllowAutoTarget": true,
					"SetTargetKey": "Target1",
					"SubActionScript": "res://assets/Scripts/Actions/SubActions/SubAct_GetTarget.gd",
					"TargetParamKey": "TargetParam1"
				}
			],
			"11": [
				{
					"SubActionScript": "res://assets/Scripts/Actions/SubActions/SubAct_AnimationFinish.gd"
				},
				{
					"DamageKey": "Damage1",
					"SubActionScript": "res://assets/Scripts/Actions/SubActions/SubAct_ApplyDamage.gd",
					"TargetKey": "Target1"
				}
			],
			"5": [
				{
					"Animation": "weapon_swing/swing_ready_main_hand",
					"SubActionScript": "res://assets/Scripts/Actions/SubActions/SubAct_AnimationInTo.gd"
				}
			]
		},
		"TargetParams": {
			"TargetParam1": {
				"EffectsAllies": false,
				"EffectsEnemies": false,
				"LineOfSight": true,
				"TargetArea": "[[-1,1],[0,1],[1,1],[-1,2],[0,2],[1,2],[-1,3],[0,3],[1,3],[0,4],[-1,4],[1,4]]",
				"TargetType": "Actor"
			}
		}
	},
	{
		"ActionKey": "TestSlam",
		"CostData": {
			"Stamina": 10
		},
		"DamageDatas": {
			"Damage1": {
				"AtkPower": 300,
				"AtkStat": "Strength",
				"BaseDamage": 0,
				"DamageEffect": "Blunt_DamageEffect",
				"DamageType": "Blunt",
				"DamageVarient": 0,
				"DefenseType": "Armor"
			}
		},
		"Details": {
			"Description": "Test Target Test Target Test Target Test Target",
			"DisplayName": "Test Slam",
			"LargeIcon": "TestHammer.png",
			"SmallIcon": "TestHammer.png",
			"SnippetDesc": "Preform a heavy slam",
			"Tags": [
				"Attack",
				"Blunt",
				"Tactic",
				"Melee"
			]
		},
		"MissileDatas": {},
		"Preview": {
			"PreviewTargetKey": "TargetParams"
		},
		"SubActions": {
			"10": [
				{
					"AllowAlreadyTargeted": false,
					"AllowAutoTarget": true,
					"SetTargetKey": "Target1",
					"SubActionScript": "res://assets/Scripts/Actions/SubActions/SubAct_GetTarget.gd",
					"TargetParamKey": "TargetParams"
				}
			],
			"11": [
				{
					"SubActionScript": "res://assets/Scripts/Actions/SubActions/SubAct_AnimationFinish.gd"
				},
				{
					"DamageKey": "Damage1",
					"SubActionScript": "res://assets/Scripts/Actions/SubActions/SubAct_ApplyDamage.gd",
					"TargetKey": "Target1"
				}
			],
			"5": [
				{
					"Animation": "weapon_stab/stab_ready_main_hand",
					"SubActionScript": "res://assets/Scripts/Actions/SubActions/SubAct_AnimationInTo.gd"
				}
			]
		},
		"TargetParams": {
			"TargetParams": {
				"EffectsAllies": false,
				"EffectsEnemies": false,
				"LineOfSight": true,
				"TargetArea": "[[-1,1],[0,1],[1,1],[-1,2],[0,2],[1,2],[-1,3],[0,3],[1,3],[0,4],[-1,4],[1,4]]",
				"TargetType": "Actor"
			}
		}
	},
	{
		"ActionKey": "TestBullets",
		"CostData": {
			"Mana": 5
		},
		"DamageDatas": {
			"Damage1": {
				"AtkPower": 25,
				"AtkStat": "Strength",
				"BaseDamage": 0,
				"DamageEffect": "Pierce_DamageEffect",
				"DamageType": "Pierce",
				"DamageVarient": 0,
				"DefenseType": "Armor"
			}
		},
		"Details": {
			"Description": "Test Target Test Target Test Target Test Target",
			"DisplayName": "Test Bullets",
			"LargeIcon": "TestBullets.png",
			"SmallIcon": "TestBullets.png",
			"SnippetDesc": "Fire five rapid shots",
			"Tags": [
				"Attack",
				"Pierce",
				"Tactic",
				"Bullet",
				"Ranged"
			]
		},
		"MissileDatas": {},
		"Preview": {
			"PreviewTargetKey": "TargetParams1"
		},
		"SubActions": {
			"0": [
				{
					"AllowAlreadyTargeted": false,
					"AllowAutoTarget": true,
					"SetTargetKey": "Target1",
					"SubActionScript": "res://assets/Scripts/Actions/SubActions/SubAct_GetTarget.gd",
					"TargetParamKey": "TargetParams1"
				}
			],
			"12": [
				{
					"DamageKey": "Damage1",
					"SubActionScript": "res://assets/Scripts/Actions/SubActions/SubAct_ApplyDamage.gd",
					"TargetKey": "Target1"
				}
			],
			"16": [
				{
					"DamageKey": "Damage1",
					"SubActionScript": "res://assets/Scripts/Actions/SubActions/SubAct_ApplyDamage.gd",
					"TargetKey": "Target1"
				}
			],
			"20": [
				{
					"DamageKey": "Damage1",
					"SubActionScript": "res://assets/Scripts/Actions/SubActions/SubAct_ApplyDamage.gd",
					"TargetKey": "Target1"
				}
			],
			"4": [
				{
					"DamageKey": "Damage1",
					"SubActionScript": "res://assets/Scripts/Actions/SubActions/SubAct_ApplyDamage.gd",
					"TargetKey": "Target1"
				}
			],
			"8": [
				{
					"DamageKey": "Damage1",
					"SubActionScript": "res://assets/Scripts/Actions/SubActions/SubAct_ApplyDamage.gd",
					"TargetKey": "Target1"
				}
			]
		},
		"TargetParams": {
			"TargetParams1": {
				"EffectsAllies": false,
				"EffectsEnemies": false,
				"LineOfSight": true,
				"TargetArea": "[[-1,1],[0,1],[1,1],[-1,2],[0,2],[1,2],[-1,3],[0,3],[1,3],[0,4],[-1,4],[1,4]]",
				"TargetType": "Actor"
			}
		}
	},
	{
		"ActionKey": "TestFireBall",
		"CostData": {
			"Mana": 30
		},
		"DamageDatas": {
			"Damage1": {
				"AtkPower": 200,
				"AtkStat": "Intelligence",
				"BaseDamage": 0,
				"DamageEffect": "SmallFire_DamageEffect",
				"DamageType": "Fire",
				"DamageVarient": 0,
				"DefenseType": "Ward"
			}
		},
		"Details": {
			"Description": "Shoot a Fire Ball which damages all targets in area.",
			"DisplayName": "Test Fire Ball",
			"LargeIcon": "TestFireBall.png",
			"SmallIcon": "TestFireBall.png",
			"SnippetDesc": "Cast Fireball",
			"Tags": [
				"Attack",
				"Fire",
				"Spell",
				"Missile",
				"AOE"
			]
		},
		"MissileDatas": {
			"Missile1": {
				"DamageDataKey": "Damage1",
				"FramesPerTile": 3,
				"ImpactVfxKey": "Exploision_DamageEffect",
				"MissileVfxKey": "FireMissile"
			}
		},
		"Preview": {
			"PreviewTargetKey": "TargetParam1"
		},
		"SubActions": {
			"10": [
				{
					"AllowAlreadyTargeted": false,
					"AllowAutoTarget": false,
					"SetTargetKey": "Target1",
					"SubActionScript": "res://assets/Scripts/Actions/SubActions/SubAct_GetTarget.gd",
					"TargetParamKey": "TargetParam1"
				}
			],
			"11": [
				{
					"DamageKey": "Damage1",
					"MissileKey": "Missile1",
					"SubActionScript": "res://assets/Scripts/Actions/SubActions/SubAct_SpawnMissile.gd",
					"TargetKey": "Target1",
					"TargetParamKey": "TargetParam1"
				}
			]
		},
		"TargetParams": {
			"TargetParam1": {
				"EffectArea": "[[-1,1],[0,1],[1,1],[1,0],[1,-1],[0,-1],[-1,-1],[-1,0],[0,0]]",
				"EffectsAllies": false,
				"EffectsEnemies": false,
				"LineOfSight": true,
				"TargetArea": "[[-1,1],[0,1],[1,1],[-1,2],[0,2],[1,2],[-1,3],[0,3],[1,3],[0,4],[-1,4],[1,4],[2,2],[2,4],[-2,2],[-2,3],[-2,4],[1,5],[0,5],[0,6],[-1,5],[2,3],[3,4],[3,3],[3,5],[2,6],[2,5],[1,6],[1,7],[0,7],[-1,7],[-1,6],[-2,6],[-2,5],[-3,5],[-3,4],[-3,3]]",
				"TargetType": "Spot"
			}
		}
	},
	{
		"ActionKey": "TestArrow",
		"CostData": {},
		"DamageDatas": {
			"Damage1": {
				"AtkPower": 100,
				"AtkStat": "Strength",
				"BaseDamage": 0,
				"DamageEffect": "Pierce_DamageEffect",
				"DamageType": "Pierce",
				"DamageVarient": 0,
				"DefenseType": "Armor"
			}
		},
		"Details": {
			"Description": "Shoot an arrow which damages a creature in the target spot.",
			"DisplayName": "Test Arrow",
			"LargeIcon": "ProjectileTest.png",
			"SmallIcon": "ProjectileTest.png",
			"SnippetDesc": "Test Ranged Attack",
			"Tags": [
				"Attack",
				"Pierce",
				"Missile",
				"Ranged",
				"Tactic"
			]
		},
		"MissileDatas": {
			"Missile1": {
				"DamageDataKey": "Damage1",
				"FramesPerTile": 3,
				"ImpactVfxKey": "Blunt_DamageEffect",
				"MissileVfxKey": "BasicArrowMissile"
			}
		},
		"Preview": {
			"PreviewTargetKey": "TargetParam1"
		},
		"SubActions": {
			"10": [
				{
					"AllowAlreadyTargeted": false,
					"AllowAutoTarget": true,
					"SetTargetKey": "Target1",
					"SubActionScript": "res://assets/Scripts/Actions/SubActions/SubAct_GetTarget.gd",
					"TargetParamKey": "TargetParam1"
				}
			],
			"11": [
				{
					"DamageKey": "Damage1",
					"MissileKey": "Missile1",
					"SubActionScript": "res://assets/Scripts/Actions/SubActions/SubAct_SpawnMissile.gd",
					"TargetKey": "Target1",
					"TargetParamKey": "TargetParam1"
				}
			]
		},
		"TargetParams": {
			"TargetParam1": {
				"EffectsAllies": false,
				"EffectsEnemies": false,
				"LineOfSight": true,
				"TargetArea": "[[-1,1],[0,1],[1,1],[-1,2],[0,2],[1,2],[-1,3],[0,3],[1,3],[0,4],[-1,4],[1,4],[2,2],[2,4],[-2,2],[-2,3],[-2,4],[1,5],[0,5],[0,6],[-1,5],[2,3],[3,4],[3,3],[3,5],[2,6],[2,5],[1,6],[1,7],[0,7],[-1,7],[-1,6],[-2,6],[-2,5],[-3,5],[-3,4],[-3,3]]",
				"TargetType": "Spot"
			}
		}
	},
	{
		"ActionKey": "BasicWeaponAttack",
		"CostData": {
			"Stamina": 10
		},
		"DamageDatas": {},
		"Details": {
			"Description": "Attack with MainHand Weapon for 100±10% Damage",
			"DisplayName": "Basic Attack",
			"LargeIcon": "BasicAttack.png",
			"SmallIcon": "BasicAttack.png",
			"SnippetDesc": "Attack with MainHand Weapon",
			"Tags": [
				"Attack",
				"Weapon"
			]
		},
        "UseWeaponIcons":true,
		"MissileDatas": {},
		"Preview": {
			"PreviewTargetKey": "Weapon"
		},
		"SubActions": {
			"10": [
				{
					"AllowAlreadyTargeted": false,
					"AllowAutoTarget": false,
					"SetTargetKey": "Target1",
					"SubActionScript": "res://assets/Scripts/Actions/SubActions/SubAct_GetTarget.gd",
					"TargetParamKey": "Weapon"
				}
			],
			"11": [
				{
					"SubActionScript": "res://assets/Scripts/Actions/SubActions/SubAct_WeaponAttack.gd",
					"TargetKey": "Target1"
				}
			]
		},
		"TargetParams": {}
	}
]