{"Objects":{"TestActor_ID":{"ActorKey":"TestActor","BagItems":{"Any":["TestItem_Potion123","TestBomb3767809367644213778",null,null,null,null],"Bomb":[null,null]},"DisplayName":"Bob","Equipment":["TestPageQue8759902534273085927","TestBag8499941620751783627","RedHat111","RedRobes111","STestBoots3573379213580047645","TestTrinket2950029648216441954","TestSpear123","TestSpear123"],"Id":"TestActor_ID","ObjectKey":"TestActor","Pages":{"Any":["MoveForward","TurnLeft","TurnRight","BasicWeaponAttack","Dev_AnyEffect","TestBullets","TestFireBall","UseItemSelf"]}},"TestTarget_ID":{"ActorKey":"TestTarget","BagItems":{},"DisplayName":"Bob","Equipment":[],"Id":"TestTarget_ID","ObjectKey":"TestTarget","Pages":{},"QueData":{"ActionList":["MoveForward","MoveBack","TurnLeft","TurnRight"],"MaxSize":2}},"TestTarget_ID2":{"ActorKey":"TestArmoredTarget","BagItems":{},"DisplayName":"Bob","Equipment":[],"Id":"TestTarget_ID2","ObjectKey":"TestTarget","Pages":{},"QueData":{"ActionList":["MoveForward","MoveBack","TurnLeft","TurnRight"],"MaxSize":3}},"TestTarget_ID3":{"ActorKey":"TestWardedTarget","BagItems":{},"DisplayName":"Bob","Equipment":[],"Id":"TestTarget_ID","ObjectKey":"TestTarget","Pages":{},"QueData":{"ActionList":["MoveForward","MoveBack","TurnLeft","TurnRight"],"MaxSize":2}},"TestTarget_ID4":{"ActorKey":"TestArmoredTarget","BagItems":{},"DisplayName":"Bob","Equipment":[],"Id":"TestTarget_ID4","ObjectKey":"TestTarget","Pages":{},"QueData":{"ActionList":["MoveForward","MoveBack","TurnLeft","TurnRight"],"MaxSize":2}},"TestTarget_ID5":{"ActorKey":"TestWardedTarget","BagItems":{},"DisplayName":"Bob","Equipment":[],"Id":"TestTarget_ID5","ObjectKey":"TestTarget","Pages":{},"QueData":{"ActionList":["MoveForward","MoveBack","TurnLeft","TurnRight"],"MaxSize":2}}}}