[
    {
        "ActionKey": "Dev_AnyEffect",
        "CostData": {},
        "DamageDatas": {},
        "Description": "Apply any Effect",
        "DisplayName": "Any Effect",
        "LargeSprite": "DevAnyEffectIcon.png",
        "MissileDatas": {},
        "SmallSprite": "DevAnyEffectIcon.png",
        "SnippetDesc": "Apply any Effect",
        "PreviewTargetKey": "Weapon",
        "SubActions": {
            "0": [
                {
                    "SubActionScript": "res://assets/Scripts/Actions/SubActions/SubAct_GetTarget.gd",
                    "TargetKey": "Target1"
                }
            ],
            "1": [
                {
                    "SubActionScript": "res://assets/Scripts/Actions/SubActions/SubAct_DEV_ApplyAnyEffect.gd",
                    "TargetKey": "Target1"
                }
            ]
        },
        "Tags": [],
        "TargetParams": {
            "Target1": {
                "EffectArea": "[]",
                "TargetArea": "[[0,1],[1,1],[1,0],[1,-1],[0,-1],[-1,-1],[-1,0],[-1,1],[-1,0],[0,0],[0,1],[0,2],[1,2],[2,2],[2,1],[2,0],[2,-1],[2,-2],[1,-2],[0,-2],[-1,-2],[-2,-2],[-2,-1],[-2,0],[-1,1],[-1,2],[-1,1],[-2,1],[-2,2],[-2,3],[-1,3],[0,3],[1,3],[2,3],[3,3],[3,2],[3,1],[3,0],[3,-1],[3,-2],[3,-3],[2,-3],[1,-3],[0,-3],[-1,-3],[-2,-3],[-3,-3],[-3,-2],[-3,-1],[-3,0],[-3,1],[-3,2],[-3,3],[-3,4],[-3,5],[-2,5],[-1,5],[0,5],[1,5],[2,5],[3,5],[3,4],[2,4],[1,4],[0,4],[-1,4],[-2,4]]",
                "TargetType": "Actor"
            }
        }
    }
]