[{"ActionKey":"IceMagic","CostData":{"Mana":10},"DamageDatas":{"IceDamage":{"AtkPower":0,"AtkStat":"Intelligence","BaseDamage":100,"DamageEffect":"SmallIce_DamageEffect","DamageType":"Cold","DamageVarient":0.1,"DefenseType":"Ward"}},"Details":{"Description":"Deal Ice damage to all creature in cone","DisplayName":"Ice Cone","LargeIcon":"Ice.png","SmallIcon":"Ice.png","SnippetDesc":"Attack with cone of Ice ","Tags":["Attack","Ice","Spell","AOE","Spell"]},"MissileDatas":{},"Preview":{"PreviewTargetKey":"ConeArea"},"SubActions":{"0":[{"AllowAlreadyTargeted":false,"AllowAutoTarget":false,"SetTargetKey":"ConeTarget","SubActionScript":"res://assets/Scripts/Actions/SubActions/SubAct_GetTarget.gd","TargetParamKey":"ConeArea"},{"DamageKey":"IceDamage","SubActionScript":"res://assets/Scripts/Actions/SubActions/SubAct_ApplyDamage.gd","TargetKey":"ConeTarget"}]},"TargetParams":{"ConeArea":{"EffectArea":"[]","EffectsAllies":true,"EffectsEnemies":true,"LineOfSight":true,"TargetArea":"[[0,1],[1,2],[0,2],[-1,2],[2,3],[1,3],[0,3],[-1,3],[-2,3],[3,4],[2,4],[1,4],[0,4],[-1,4],[-2,4],[-3,4],[4,5],[3,5],[2,5],[1,5],[0,5],[-1,5],[-2,5],[-3,5],[-4,5]]","TargetType":"FullArea"}}},{"ActionKey":"ElectricMagic","CostData":{"Mana":10},"DamageDatas":{"DamageData1":{"AtkPower":100,"AtkStat":"Intelligence","BaseDamage":0,"DamageEffect":"SmallLightning_DamageEffect","DamageType":"Electric","DamageVarient":0.3,"DefenseType":"Ward"}},"Details":{"Description":"Radomly select two actors and deal Electric damage","DisplayName":"Static","LargeIcon":"Lightning.png","SmallIcon":"Lightning.png","SnippetDesc":"Shock two random actor","Tags":["Attack","Electric","Spell","Random","Tactic"]},"MissileDatas":{},"Preview":{"PreviewTargetKey":"TargetParamA"},"SubActions":{"0":[{"Animation":"weapon_raise/raise_ready_main_hand","SubActionScript":"res://assets/Scripts/Actions/SubActions/SubAct_AnimationInTo.gd"}],"12":[{"DamageKey":"DamageData1","SubActionScript":"res://assets/Scripts/Actions/SubActions/SubAct_ApplyDamage.gd","TargetKey":"Random2"}],"15":[{"SubActionScript":"res://assets/Scripts/Actions/SubActions/SubAct_AnimationFinish.gd"}],"5":[{"AllowAlreadyTargeted":false,"AllowDeadTargets":false,"SetTargetKey":"Random2","SubActionScript":"res://assets/Scripts/Actions/SubActions/SubAct_GetTargetRandom.gd","TargetParamKey":"TargetParamA"},{"AllowAlreadyTargeted":false,"AllowDeadTargets":false,"SetTargetKey":"Random1","SubActionScript":"res://assets/Scripts/Actions/SubActions/SubAct_GetTargetRandom.gd","TargetParamKey":"TargetParamA"}],"6":[{"DamageKey":"DamageData1","SubActionScript":"res://assets/Scripts/Actions/SubActions/SubAct_ApplyDamage.gd","TargetKey":"Random1"}]},"TargetParams":{"TargetParamA":{"EffectsAllies":false,"EffectsEnemies":false,"LineOfSight":false,"TargetArea":"[[0,1],[1,2],[0,2],[-1,2],[2,3],[1,3],[0,3],[-1,3],[-2,3],[3,4],[2,4],[1,4],[0,4],[-1,4],[-2,4],[-3,4],[4,4],[4,3],[4,2],[4,1],[4,0],[3,0],[3,-1],[3,-2],[3,-3],[3,-4],[4,-4],[4,-3],[4,-2],[4,-1],[4,0],[3,0],[3,1],[3,2],[3,3],[3,2],[3,1],[3,0],[2,-1],[2,-2],[2,-3],[2,-4],[1,-4],[1,-3],[2,-3],[2,-2],[2,-1],[2,0],[2,1],[2,2],[2,1],[1,0],[1,-1],[0,-1],[0,-2],[1,-2],[1,-1],[1,0],[1,1],[1,0],[1,-1],[1,-2],[0,-2],[0,-3],[0,-4],[-1,-4],[-1,-3],[-1,-2],[-1,-1],[-1,0],[-1,1],[-1,2],[-2,2],[-2,1],[-3,0],[-3,-1],[-3,-2],[-3,-3],[-2,-3],[-2,-4],[-3,-4],[-3,-3],[-3,-2],[-2,-2],[-2,-1],[-2,0],[-2,1],[-3,1],[-3,2],[-3,3],[-3,4],[-4,4],[-4,3],[-4,2],[-4,1],[-4,0],[-4,-1],[-4,-2],[-4,-3],[-4,-4]]","TargetType":"Actor"}}},{"ActionKey":"PoisonMagic","CostData":{"Mana":10},"DamageDatas":{},"Details":{"Description":"Select an enemy and apply poison which deals damage at the end of each turn.","DisplayName":"Poison","LargeIcon":"TestPoison.png","SmallIcon":"TestPoison.png","SnippetDesc":"Apply poison to enemy","Tags":["Attack","Poison","Spell","Effect"]},"MissileDatas":{},"Preview":{"PreviewTargetKey":"TargetParams1"},"SubActions":{"10":[{"AllowAlreadyTargeted":false,"AllowAutoTarget":true,"SetTargetKey":"Target1","SubActionScript":"res://assets/Scripts/Actions/SubActions/SubAct_GetTarget.gd","TargetParamKey":"TargetParams1"}],"11":[{"EffectKey":"TestPoison","SubActionScript":"res://assets/Scripts/Actions/SubActions/SubAct_ApplyEffect.gd","TargetKey":"Target1"}]},"TargetParams":{"TargetParams1":{"EffectsAllies":false,"EffectsEnemies":false,"LineOfSight":true,"TargetArea":"[[1,0],[1,1],[1,2],[1,3],[0,3],[-1,3],[-1,2],[-1,1],[-1,0],[-1,1],[0,1],[0,2]]","TargetType":"Enemy"}}},{"ActionKey":"TeleportBehind","CostData":{"Mana":50},"DamageDatas":{},"Details":{"Description":"Teleport behind the target and facing them. -\"It's nothing personnel\"","DisplayName":"Behind You","LargeIcon":"Behind.png","SmallIcon":"Behind.png","SnippetDesc":"Teleport behind the target","Tags":["Spell","Teleport"]},"MissileDatas":{},"Preview":{"PreviewTargetKey":"TargetParam"},"SubActions":{"10":[{"AllowAlreadyTargeted":false,"AllowAutoTarget":false,"SetTargetKey":"TargetSpot","SubActionScript":"res://assets/Scripts/Actions/SubActions/SubAct_GetTarget.gd","TargetParamKey":"TargetParam"}],"11":[{"DestRelativePos":"[0, 1, 0, 0]","SubActionScript":"res://assets/Scripts/Actions/SubActions/SubAct_Teleport.gd","TargetActorKey":"","TargetDestKey":""}]},"TargetParams":{"TargetParam":{"EffectsAllies":false,"EffectsEnemies":false,"LineOfSight":true,"TargetArea":"[[0,1],[1,2],[0,2],[-1,2],[2,3],[1,3],[0,3],[-1,3],[-2,3],[3,4],[2,4],[1,4],[0,4],[-1,4],[-2,4],[-3,4],[4,5],[3,5],[2,5],[1,5],[0,5],[-1,5],[-2,5],[-3,5],[-4,5],[4,4],[4,3],[4,2],[4,1],[4,0],[3,0],[3,-1],[3,-2],[3,-3],[3,-4],[4,-4],[4,-3],[4,-2],[4,-1],[4,0],[3,0],[3,1],[3,2],[3,3],[3,2],[3,1],[3,0],[2,-1],[2,-2],[2,-3],[2,-4],[1,-4],[1,-3],[2,-3],[2,-2],[2,-1],[2,0],[2,1],[2,2],[2,1],[1,0],[1,-1],[0,-1],[0,-2],[1,-2],[1,-1],[1,0],[1,1],[1,0],[1,-1],[1,-2],[0,-2],[0,-3],[0,-4],[-1,-4],[-1,-3],[-1,-2],[-1,-1],[-1,0],[-1,1],[-1,2],[-2,2],[-2,1],[-3,0],[-3,-1],[-3,-2],[-3,-3],[-2,-3],[-2,-4],[-3,-4],[-3,-3],[-3,-2],[-2,-2],[-2,-1],[-2,0],[-2,1],[-3,1],[-3,2],[-3,3],[-3,4],[-4,4],[-4,3],[-4,2],[-4,1],[-4,0],[-4,-1],[-4,-2],[-4,-3],[-4,-4]]","TargetType":"Actor"}}},{"ActionKey":"TeleportOther","CostData":{"Mana":10},"DamageDatas":{},"Details":{"Description":"Select and actor and a spot to teleport them to.","DisplayName":"Teleport Other","LargeIcon":"Teleport_OtherToSPot.png","SmallIcon":"Teleport_OtherToSPot.png","SnippetDesc":"Teleport an other actor","Tags":["Spell","Teleport"]},"MissileDatas":{},"Preview":{"PreviewTargetKey":"TargetParam"},"SubActions":{"10":[{"SetTargetKey":"TargetActor","SubActionScript":"res://assets/Scripts/Actions/SubActions/SubAct_GetTarget.gd","TargetParamKey":"TargetActorParams"},{"SetTargetKey":"TargetSpot","SubActionScript":"res://assets/Scripts/Actions/SubActions/SubAct_GetTarget.gd","TargetParamKey":"TargetParam"}],"11":[{"DestRelativePos":"[0, 0, 0, 0]","SubActionScript":"res://assets/Scripts/Actions/SubActions/SubAct_Teleport.gd","TargetActorKey":"TargetActor","TargetDestKey":"TargetSpot"}]},"TargetParams":{"TargetActorParams":{"EffectsAllies":false,"EffectsEnemies":false,"LineOfSight":true,"TargetArea":"[[0,0],[1,0],[1,1],[1,2],[1,3],[1,4],[0,4],[0,3],[0,2],[0,1],[0,0],[-1,0],[-1,2],[-1,3],[-1,4],[2,1],[2,3],[2,-3],[2,-4],[1,-4],[1,-3],[1,-2],[1,-1],[2,-2],[2,-3],[2,-4],[3,-4],[4,-4],[3,-4],[3,-3],[0,-1],[0,-2],[0,-3],[-1,-1],[-2,-2],[-3,-3],[-4,-4],[-1,1],[-2,2],[-3,3],[-4,4],[-4,3],[-4,2],[-4,1],[-4,0],[-4,-1],[-4,-2],[-4,-3],[-4,-4],[-3,-4],[-2,-4],[-1,-4],[0,-4],[1,-4],[2,-4],[3,-4],[3,-3],[4,-3],[4,-2],[4,-1],[4,0],[4,1],[4,2],[4,3],[4,4],[3,4],[2,4],[1,4],[-3,4],[-2,4],[-1,4],[0,3],[1,2],[2,1],[2,2],[2,3],[3,3],[3,2],[3,1],[3,0],[3,-1],[3,-2],[3,-1],[2,2],[2,1],[2,-1],[2,-2],[2,-1],[2,0],[2,1],[1,0],[1,-1],[1,-2],[0,-2],[-1,-2],[-1,-3],[-2,-3],[-3,-3],[-3,-2],[-3,-1],[-4,0],[-4,1],[-4,2],[-3,2],[-3,3],[-2,3],[-2,2],[-2,1],[-2,0],[-3,0],[-3,1],[-3,0],[-2,0],[-2,-1],[-2,-2]]","TargetType":"Actor"},"TargetParam":{"EffectsAllies":false,"EffectsEnemies":false,"LineOfSight":false,"TargetArea":"[[0,1],[1,2],[0,2],[-1,2],[2,3],[1,3],[0,3],[-1,3],[-2,3],[3,4],[2,4],[1,4],[0,4],[-1,4],[-2,4],[-3,4],[4,5],[3,5],[2,5],[1,5],[0,5],[-1,5],[-2,5],[-3,5],[-4,5],[4,4],[4,3],[4,2],[4,1],[4,0],[3,0],[3,-1],[3,-2],[3,-3],[3,-4],[4,-4],[4,-3],[4,-2],[4,-1],[4,0],[3,0],[3,1],[3,2],[3,3],[3,2],[3,1],[3,0],[2,-1],[2,-2],[2,-3],[2,-4],[1,-4],[1,-3],[2,-3],[2,-2],[2,-1],[2,0],[2,1],[2,2],[2,1],[1,0],[1,-1],[0,-1],[0,-2],[1,-2],[1,-1],[1,0],[1,1],[1,0],[1,-1],[1,-2],[0,-2],[0,-3],[0,-4],[-1,-4],[-1,-3],[-1,-2],[-1,-1],[-1,0],[-1,1],[-1,2],[-2,2],[-2,1],[-3,0],[-3,-1],[-3,-2],[-3,-3],[-2,-3],[-2,-4],[-3,-4],[-3,-3],[-3,-2],[-2,-2],[-2,-1],[-2,0],[-2,1],[-3,1],[-3,2],[-3,3],[-3,4],[-4,4],[-4,3],[-4,2],[-4,1],[-4,0],[-4,-1],[-4,-2],[-4,-3],[-4,-4]]","TargetType":"OpenSpot"}}},{"ActionKey":"TeleportSwapOther","CostData":{"Mana":10},"DamageDatas":{},"Details":{"Description":"Select two actors and swap thier positions","DisplayName":"Swap Other","LargeIcon":"Teleport_SwapOthers.png","SmallIcon":"Teleport_SwapOthers.png","SnippetDesc":"Swap two other actors","Tags":["Spell","Teleport"]},"MissileDatas":{},"Preview":{"PreviewTargetKey":"TargetParamA"},"SubActions":{"10":[{"AllowAlreadyTargeted":false,"SetTargetKey":"TargetActorA","SubActionScript":"res://assets/Scripts/Actions/SubActions/SubAct_GetTarget.gd","TargetParamKey":"TargetParamA"},{"AllowAlreadyTargeted":false,"SetTargetKey":"TargetActorB","SubActionScript":"res://assets/Scripts/Actions/SubActions/SubAct_GetTarget.gd","TargetParamKey":"TargetParamsB"}],"11":[{"DestRelativePos":"[0, 0, 0, 0]","SubActionScript":"res://assets/Scripts/Actions/SubActions/SubAct_TeleportSwap.gd","TargetActorAKey":"TargetActorA","TargetActorBKey":"TargetActorB"}]},"TargetParams":{"TargetParamA":{"EffectsAllies":false,"EffectsEnemies":false,"LineOfSight":false,"TargetArea":"[[0,1],[1,2],[0,2],[-1,2],[2,3],[1,3],[0,3],[-1,3],[-2,3],[3,4],[2,4],[1,4],[0,4],[-1,4],[-2,4],[-3,4],[4,4],[4,3],[4,2],[4,1],[4,0],[3,0],[3,-1],[3,-2],[3,-3],[3,-4],[4,-4],[4,-3],[4,-2],[4,-1],[4,0],[3,0],[3,1],[3,2],[3,3],[3,2],[3,1],[3,0],[2,-1],[2,-2],[2,-3],[2,-4],[1,-4],[1,-3],[2,-3],[2,-2],[2,-1],[2,0],[2,1],[2,2],[2,1],[1,0],[1,-1],[0,-1],[0,-2],[1,-2],[1,-1],[1,0],[1,1],[1,0],[1,-1],[1,-2],[0,-2],[0,-3],[0,-4],[-1,-4],[-1,-3],[-1,-2],[-1,-1],[-1,0],[-1,1],[-1,2],[-2,2],[-2,1],[-3,0],[-3,-1],[-3,-2],[-3,-3],[-2,-3],[-2,-4],[-3,-4],[-3,-3],[-3,-2],[-2,-2],[-2,-1],[-2,0],[-2,1],[-3,1],[-3,2],[-3,3],[-3,4],[-4,4],[-4,3],[-4,2],[-4,1],[-4,0],[-4,-1],[-4,-2],[-4,-3],[-4,-4]]","TargetType":"Actor"},"TargetParamsB":{"EffectsAllies":false,"EffectsEnemies":false,"LineOfSight":false,"TargetArea":"[[1,0],[1,1],[1,2],[1,3],[1,4],[0,4],[0,3],[0,2],[0,1],[-1,0],[-1,2],[-1,3],[-1,4],[2,1],[2,3],[2,-3],[2,-4],[1,-4],[1,-3],[1,-2],[1,-1],[2,-2],[2,-3],[2,-4],[3,-4],[4,-4],[3,-4],[3,-3],[0,-1],[0,-2],[0,-3],[-1,-1],[-2,-2],[-3,-3],[-4,-4],[-1,1],[-2,2],[-3,3],[-4,4],[-4,3],[-4,2],[-4,1],[-4,0],[-4,-1],[-4,-2],[-4,-3],[-4,-4],[-3,-4],[-2,-4],[-1,-4],[0,-4],[1,-4],[2,-4],[3,-4],[3,-3],[4,-3],[4,-2],[4,-1],[4,0],[4,1],[4,2],[4,3],[4,4],[3,4],[2,4],[1,4],[-3,4],[-2,4],[-1,4],[0,3],[1,2],[2,1],[2,2],[2,3],[3,3],[3,2],[3,1],[3,0],[3,-1],[3,-2],[3,-1],[2,2],[2,1],[2,-1],[2,-2],[2,-1],[2,0],[2,1],[1,0],[1,-1],[1,-2],[0,-2],[-1,-2],[-1,-3],[-2,-3],[-3,-3],[-3,-2],[-3,-1],[-4,0],[-4,1],[-4,2],[-3,2],[-3,3],[-2,3],[-2,2],[-2,1],[-2,0],[-3,0],[-3,1],[-3,0],[-2,0],[-2,-1],[-2,-2]]","TargetType":"Actor"}}},{"ActionKey":"TeleportSelf","CostData":{"Mana":10},"DamageDatas":{},"Details":{"Description":"Teleport self too selected spot","DisplayName":"Teleport","LargeIcon":"Teleport_SelfToSpot.png","SmallIcon":"Teleport_SelfToSpot.png","SnippetDesc":"Teleport self","Tags":["Spell","Teleport"]},"MissileDatas":{},"Preview":{"PreviewTargetKey":"TargetParam"},"SubActions":{"10":[{"SetTargetKey":"TargetActor","SubActionScript":"res://assets/Scripts/Actions/SubActions/SubAct_GetTarget.gd","TargetParamKey":"Self"},{"SetTargetKey":"TargetSpot","SubActionScript":"res://assets/Scripts/Actions/SubActions/SubAct_GetTarget.gd","TargetParamKey":"TargetParam"}],"11":[{"DestRelativePos":"[0, 0, 0, 0]","SubActionScript":"res://assets/Scripts/Actions/SubActions/SubAct_Teleport.gd","TargetActorKey":"TargetActor","TargetDestKey":"TargetSpot"}]},"TargetParams":{"TargetActorParams":{"EffectsAllies":false,"EffectsEnemies":false,"LineOfSight":true,"TargetArea":"[[0,0],[1,0],[1,1],[1,2],[1,3],[1,4],[0,4],[0,3],[0,2],[0,1],[0,0],[-1,0],[-1,2],[-1,3],[-1,4],[2,1],[2,3],[2,-3],[2,-4],[1,-4],[1,-3],[1,-2],[1,-1],[2,-2],[2,-3],[2,-4],[3,-4],[4,-4],[3,-4],[3,-3],[0,-1],[0,-2],[0,-3],[-1,-1],[-2,-2],[-3,-3],[-4,-4],[-1,1],[-2,2],[-3,3],[-4,4],[-4,3],[-4,2],[-4,1],[-4,0],[-4,-1],[-4,-2],[-4,-3],[-4,-4],[-3,-4],[-2,-4],[-1,-4],[0,-4],[1,-4],[2,-4],[3,-4],[3,-3],[4,-3],[4,-2],[4,-1],[4,0],[4,1],[4,2],[4,3],[4,4],[3,4],[2,4],[1,4],[-3,4],[-2,4],[-1,4],[0,3],[1,2],[2,1],[2,2],[2,3],[3,3],[3,2],[3,1],[3,0],[3,-1],[3,-2],[3,-1],[2,2],[2,1],[2,-1],[2,-2],[2,-1],[2,0],[2,1],[1,0],[1,-1],[1,-2],[0,-2],[-1,-2],[-1,-3],[-2,-3],[-3,-3],[-3,-2],[-3,-1],[-4,0],[-4,1],[-4,2],[-3,2],[-3,3],[-2,3],[-2,2],[-2,1],[-2,0],[-3,0],[-3,1],[-3,0],[-2,0],[-2,-1],[-2,-2]]","TargetType":"Actor"},"TargetParam":{"EffectsAllies":false,"EffectsEnemies":false,"LineOfSight":false,"TargetArea":"[[0,1],[1,2],[0,2],[-1,2],[2,3],[1,3],[0,3],[-1,3],[-2,3],[3,4],[2,4],[1,4],[0,4],[-1,4],[-2,4],[-3,4],[4,5],[3,5],[2,5],[1,5],[0,5],[-1,5],[-2,5],[-3,5],[-4,5],[4,4],[4,3],[4,2],[4,1],[4,0],[3,0],[3,-1],[3,-2],[3,-3],[3,-4],[4,-4],[4,-3],[4,-2],[4,-1],[4,0],[3,0],[3,1],[3,2],[3,3],[3,2],[3,1],[3,0],[2,-1],[2,-2],[2,-3],[2,-4],[1,-4],[1,-3],[2,-3],[2,-2],[2,-1],[2,0],[2,1],[2,2],[2,1],[1,0],[1,-1],[0,-1],[0,-2],[1,-2],[1,-1],[1,0],[1,1],[1,0],[1,-1],[1,-2],[0,-2],[0,-3],[0,-4],[-1,-4],[-1,-3],[-1,-2],[-1,-1],[-1,0],[-1,1],[-1,2],[-2,2],[-2,1],[-3,0],[-3,-1],[-3,-2],[-3,-3],[-2,-3],[-2,-4],[-3,-4],[-3,-3],[-3,-2],[-2,-2],[-2,-1],[-2,0],[-2,1],[-3,1],[-3,2],[-3,3],[-3,4],[-4,4],[-4,3],[-4,2],[-4,1],[-4,0],[-4,-1],[-4,-2],[-4,-3],[-4,-4]]","TargetType":"OpenSpot"}}},{"ActionKey":"TeleportSwapSelf","CostData":{"Mana":10},"DamageDatas":{},"Details":{"Description":"Select an actors and swap positions","DisplayName":"Swap Self","LargeIcon":"Teleport_SwapSelf.png","SmallIcon":"Teleport_SwapSelf.png","SnippetDesc":"Swap with an other actors","Tags":["Spell","Teleport"]},"MissileDatas":{},"Preview":{"PreviewTargetKey":"TargetParamA"},"SubActions":{"10":[{"SetTargetKey":"TargetActorA","SubActionScript":"res://assets/Scripts/Actions/SubActions/SubAct_GetTarget.gd","TargetParamKey":"TargetParamA"},{"SetTargetKey":"TargetActorB","SubActionScript":"res://assets/Scripts/Actions/SubActions/SubAct_GetTarget.gd","TargetParamKey":"Self"}],"11":[{"DestRelativePos":"[0, 0, 0, 0]","SubActionScript":"res://assets/Scripts/Actions/SubActions/SubAct_TeleportSwap.gd","TargetActorAKey":"TargetActorA","TargetActorBKey":"TargetActorB"}]},"TargetParams":{"TargetParamA":{"EffectsAllies":false,"EffectsEnemies":false,"LineOfSight":false,"TargetArea":"[[0,1],[1,2],[0,2],[-1,2],[2,3],[1,3],[0,3],[-1,3],[-2,3],[3,4],[2,4],[1,4],[0,4],[-1,4],[-2,4],[-3,4],[4,4],[4,3],[4,2],[4,1],[4,0],[3,0],[3,-1],[3,-2],[3,-3],[3,-4],[4,-4],[4,-3],[4,-2],[4,-1],[4,0],[3,0],[3,1],[3,2],[3,3],[3,2],[3,1],[3,0],[2,-1],[2,-2],[2,-3],[2,-4],[1,-4],[1,-3],[2,-3],[2,-2],[2,-1],[2,0],[2,1],[2,2],[2,1],[1,0],[1,-1],[0,-1],[0,-2],[1,-2],[1,-1],[1,0],[1,1],[1,0],[1,-1],[1,-2],[0,-2],[0,-3],[0,-4],[-1,-4],[-1,-3],[-1,-2],[-1,-1],[-1,0],[-1,1],[-1,2],[-2,2],[-2,1],[-3,0],[-3,-1],[-3,-2],[-3,-3],[-2,-3],[-2,-4],[-3,-4],[-3,-3],[-3,-2],[-2,-2],[-2,-1],[-2,0],[-2,1],[-3,1],[-3,2],[-3,3],[-3,4],[-4,4],[-4,3],[-4,2],[-4,1],[-4,0],[-4,-1],[-4,-2],[-4,-3],[-4,-4]]","TargetType":"Actor"}}}]