{"Objects":{"GreenShirt111":{"EquiptSlotIndex":-1,"EquiptToActorId":"","ObjectKey":"GreenShirt"},"HolyHat111":{"EquiptSlotIndex":-1,"EquiptToActorId":"","ObjectKey":"HolyHat"},"HolyRobes111":{"EquiptSlotIndex":-1,"EquiptToActorId":"","ObjectKey":"HolyRobes"},"RedHat111":{"EquiptSlotIndex":2,"EquiptToActorId":"TestActor_ID","ObjectKey":"RedHat"},"RedRobes111":{"EquiptSlotIndex":3,"EquiptToActorId":"TestActor_ID","ObjectKey":"RedRobes"},"STestBoots3573379213580047645":{"EquiptSlotIndex":4,"EquiptToActorId":"TestActor_ID","ObjectKey":"TestBoots"},"STestHelm2662625034301456950":{"EquiptSlotIndex":-1,"EquiptToActorId":"","ObjectKey":"TestHelm"},"STestShirt4132601984731090163":{"EquiptSlotIndex":-1,"EquiptToActorId":"","ObjectKey":"TestShirt"},"TestAxe105596744733394109":{"EquiptSlotIndex":-1,"EquiptToActorId":"","ObjectKey":"TestAxe"},"TestBag8083819123104726632":{"EquiptToActorId":"","ObjectKey":"TestBag"},"TestBag8499941620751783627":{"EquiptSlotIndex":1,"EquiptToActorId":"TestActor_ID","ObjectKey":"TestBag2"},"TestBomb3767809367644213778":{"ObjectKey":"TestBomb"},"TestBomb7357631834446274237":{"ObjectKey":"TestBomb"},"TestBomb8980670424009738752":{"ObjectKey":"TestBomb"},"TestDagger105596744733394109":{"EquiptSlotIndex":-1,"EquiptToActorId":"","ObjectKey":"TestDagger"},"TestHammer123":{"EquiptSlotIndex":-1,"EquiptToActorId":"","ObjectKey":"TestHammer"},"TestItem_Bomb123":{"ObjectKey":"TestBomb"},"TestItem_Potion123":{"ObjectKey":"TestPotion"},"TestOrb676419905389809803":{"EquiptSlotIndex":-1,"EquiptToActorId":"","ObjectKey":"TestOrb"},"TestPageQue7416115509833780446":{"EquiptSlotIndex":-1,"EquiptToActorId":"","ObjectKey":"PageQue_NoviceNoteBook"},"TestPageQue7631840199575832397":{"EquiptSlotIndex":-1,"EquiptToActorId":"","ObjectKey":"PageQue_FieldManual"},"TestPageQue8759902534273085927":{"EquiptSlotIndex":0,"EquiptToActorId":"TestActor_ID","ObjectKey":"TestPageQue"},"TestPotion3022850226747144384":{"ObjectKey":"TestPotion"},"TestPotion3968636529999122453":{"ObjectKey":"TestPotion"},"TestPotion4301353165131860106":{"ObjectKey":"TestPotion"},"TestPotion7900374472994398217":{"ObjectKey":"TestPotion"},"TestShield6527234053995745273":{"EquiptSlotIndex":-1,"EquiptToActorId":"","ObjectKey":"TestShield"},"TestSpear123":{"EquiptSlotIndex":6,"EquiptToActorId":"TestActor_ID","ObjectKey":"TestSpear"},"TestStaff4484902450472647542":{"EquiptSlotIndex":-1,"EquiptToActorId":"","ObjectKey":"TestStaff"},"TestSword105596744733394109":{"EquiptSlotIndex":-1,"EquiptToActorId":"","ObjectKey":"TestSword"},"TestSwordHeavt105596744733394109":{"EquiptSlotIndex":-1,"EquiptToActorId":"","ObjectKey":"TestSwordHeavy"},"TestTrinket1784632698260471697":{"EquiptSlotIndex":-1,"EquiptToActorId":"","ObjectKey":"TestTrinket"},"TestTrinket2950029648216441954":{"EquiptSlotIndex":5,"EquiptToActorId":"TestActor_ID","ObjectKey":"TestTrinket3"},"TestTrinket7798996849493583852":{"EquiptSlotIndex":-1,"EquiptToActorId":"","ObjectKey":"TestTrinket2"},"TestWand123":{"EquiptSlotIndex":-1,"EquiptToActorId":"","ObjectKey":"TestWand"}},"PlayerInventory":["GreenShirt111","HolyHat111","HolyRobes111","RedHat111","RedRobes111","STestBoots3573379213580047645","STestHelm2662625034301456950","STestShirt4132601984731090163","TestAxe105596744733394109","TestBag8083819123104726632","TestBag8499941620751783627","TestDagger105596744733394109","TestHammer123","TestOrb676419905389809803","TestPageQue7416115509833780446","TestPageQue7631840199575832397","TestPageQue8759902534273085927","TestShield6527234053995745273","TestSpear123","TestStaff4484902450472647542","TestSword105596744733394109","TestSwordHeavt105596744733394109","TestTrinket1784632698260471697","TestTrinket2950029648216441954","TestTrinket7798996849493583852","TestWand123","TestBomb7357631834446274237","TestBomb8980670424009738752","TestItem_Bomb123","TestPotion7900374472994398217","TestPotion4301353165131860106","TestPotion3968636529999122453","TestPotion3022850226747144384"]}