{"ActionKey":"DashForward","DamageDatas":{},"Description":"Move Forward 2 spots","DisplayName":"Dash Forward","LargeSprite":"DashForward.png","SmallSprite":"DashForward.png","SnippetDesc":"Move Forward two spots","SubActions":{"0":[],"1":[],"10":[],"11":[],"12":[],"13":[],"14":[],"15":[],"16":[{"MovementType":"Walk","RelativePos":[0,-1,0,0],"SubActionScript":"res://assets/Scripts/Actions/SubActions/SubAct_Move.gd"}],"17":[],"18":[],"19":[],"2":[],"20":[],"21":[],"22":[],"23":[],"3":[],"4":[],"5":[],"6":[],"7":[],"8":[{"MovementType":"Walk","RelativePos":[0,-1,0,0],"SubActionScript":"res://assets/Scripts/Actions/SubActions/SubAct_Move.gd"}],"9":[]},"Tags":["Move"],"TargetParams":{}}