[{"ActionKey":"Dev_AnyEffect","UseDynamicIcons":true,"CostData":{},"DamageDatas":{},"Details":{"Description":"Apply any Effect","DisplayName":"Any Effect","LargeIcon":"DevAnyEffectIcon.png","SmallIcon":"DevAnyEffectIcon.png","SnippetDesc":"Apply any Effect","Tags":[]},"MissileDatas":{},"Preview":{},"SubActions":{"0":[{"SetTargetKey":"Target1","SubActionScript":"res://assets/Scripts/Actions/SubActions/SubAct_GetTarget.gd","TargetParamKey":"Target1"}],"1":[{"SubActionScript":"res://assets/Scripts/Actions/SubActions/SubAct_DEV_ApplyAnyEffect.gd","TargetKey":"Target1"}]},"TargetParams":{"Target1":{"EffectsAllies":false,"EffectsEnemies":false,"LineOfSight":false,"TargetArea":"[[0,1],[1,1],[1,0],[1,-1],[0,-1],[-1,-1],[-1,0],[-1,1],[-1,0],[0,0],[0,1],[0,2],[1,2],[2,2],[2,1],[2,0],[2,-1],[2,-2],[1,-2],[0,-2],[-1,-2],[-2,-2],[-2,-1],[-2,0],[-1,1],[-1,2],[-1,1],[-2,1],[-2,2],[-2,3],[-1,3],[0,3],[1,3],[2,3],[3,3],[3,2],[3,1],[3,0],[3,-1],[3,-2],[3,-3],[2,-3],[1,-3],[0,-3],[-1,-3],[-2,-3],[-3,-3],[-3,-2],[-3,-1],[-3,0],[-3,1],[-3,2],[-3,3],[-3,4],[-3,5],[-2,5],[-1,5],[0,5],[1,5],[2,5],[3,5],[3,4],[2,4],[1,4],[0,4],[-1,4],[-2,4]]","TargetType":"Actor"}}}]