[
	{
		"ActorKey": "TestActor",
		"Details":{
			"DisplayName": "Test Actor",
			"SnippetDesc": "An actor made for testing.",
			"Description": "Description.",
			"Tags": ["AnActorTag", "Player", "Human"],
			"LargeIcon":"GuyPortrait.png",
			"SmallIcon":"GuyPortrait.png"
		},
		"MaxItemSlots": 5,
		"Stats":{
			"Max:Health":100,
			"Max:Stamina":100,
			"Max:Mana":100,
			"Regen:Stamina:Turn":5,
			"Regen:Mana:Round":20,
			"Mass":15,
			"Speed":10,
			"Level":69,
			"Strength": 10,
			"Agility": 10,
			"Intelligence": 10,
			"Wisdom": 10,
			"Armor": 80,
			"PagesPerRound": 0
		},
		"SpriteSheet": "Template_SpriteSheet.png",
		"SpriteFrameWH": [12,4],
		"SpriteOffset": [0,-16],
		"PortraitRect":[12, 20, 24, 24],
		"EquipmentSlots": ["Que", "Bag", "Head", "Body", "Feet", "Trinket", "MainHand", "OffHand"]
	},
	{
		"ActorKey": "TestTarget",
		"Details":{
			"DisplayName": "Test Target",
			"SnippetDesc": "A target made for testing.",
			"Description": "Description.",
			"Tags": ["AnActorTag", "Dummy"],
			"LargeIcon":"TestTarget.png",
			"SmallIcon":"TestTarget.png"
		},
		"CorpseSprite": "TargetCorpse.png",
		"AutoQueing": false,
		"LeavesCorpse": true,
		"Stats":{
			"Max:Health":100,
			"Mass":100,
			"Speed":50,
			"Strength": 50,
			"Armor": 50
		},
		"QueData":{
			"MaxSize": 2,
			"ActionList": ["TotemMissile"]
		},
		"MaxQueSize": 2,
        "AutoQue":["MoveLeft", "MoveRight"]
	},
	{
		"ActorKey": "TestArmoredTarget",
		"Details":{
			"DisplayName": "Test Target",
			"SnippetDesc": "A target made for testing.",
			"Description": "Description.",
			"Tags": ["AnActorTag", "Dummy"],
			"LargeIcon":"TestTarget_Armored.png",
			"SmallIcon":"TestTarget_Armored.png"
		},
		"CorpseSprite": "TargetCorpse.png",
		"AutoQueing": false,
		"LeavesCorpse": true,
		"Stats":{
			"Max:Health":100,
			"Mass":100,
			"Speed":5,
			"Strength": 50,
			"Armor": 50
		},
		"MaxQueSize": 2
	},
	{
		"ActorKey": "TestWardedTarget",
		"Details":{
			"DisplayName": "Test Target",
			"SnippetDesc": "A target made for testing.",
			"Description": "Description.",
			"Tags": ["AnActorTag", "Dummy"],
			"LargeIcon":"TestTarget_Warded.png",
			"SmallIcon":"TestTarget_Warded.png"
		},
		"CorpseSprite": "TargetCorpse.png",
		"AutoQueing": false,
		"LeavesCorpse": true,
		"Stats":{
			"Max:Health":100,
			"Mass":100,
			"Speed":5,
			"Strength": 50,
			"Ward": 50
		},
		"MaxQueSize": 2
	}
]
