[
	{
		"EffectKey": "ManaRegenOnTurn",
		"EffectScript": "res://assets/Scripts/Actors/Effects/Scripts/Effect_RegenStat.gd",
		"DisplayName": "Test Heal Potion",
		"SnippetDesc": "Test Heal Potion",
		"Description": "Test Heal Potion",
		"IconSprite": "ManaRegen.png",
		"Tags": ["OnRoundEnd"],
		"Triggers": ["OnRoundEnd"],
		"StatName": "Mana",
		"Amount": 100
	},
	{
		"EffectKey": "StaminaRegenOnTurn",
		"EffectScript": "res://assets/Scripts/Actors/Effects/Scripts/Effect_RegenStat.gd",
		"DisplayName": "Test Heal Potion",
		"SnippetDesc": "Test Heal Potion",
		"Description": "Test Heal Potion",
		"IconSprite": "StaminaRegen.png",
		"Tags": ["OnTurnEnd"],
		"Triggers": ["OnTurnEnd"],
		"StatName": "Stamina",
		"Amount": 100
	},
	{
		"EffectKey": "TestHealthBuff",
		"EffectScript": "res://assets/Scripts/Actors/Effects/Scripts/Effect_DanageOn.gd",
		"DisplayName": "Test Health Buff",
		"SnippetDesc": "Test Health Buff",
		"Description": "Test Target Test Target Test Target Test Target",
		"IconSprite": "TestHeart.png",
		"Tags": ["Attack"],
		"StatMods":{
			"StatMod1": { 
				"StatName": "Strength",
				"Display Name": "Name to showup in stats tool tip",
				"ModType":"Fixed", 
				"Value":500 
			}
		},
		"DamageMods":{
			"DamageMod1": { 
				"OnTakingDamage": true,
				"OnDealingDamage": true,
				"Conditions": {
					"LimitDamageTags": ["AOE", "Fire"],
					"ExcludeDamageTags": [],
					"LimitSourceTags": ["Page", "Allie"],
					"ExcludeSourceTags": []
				},
				"ModType":"Fixed", 
				"Value":500 
			}
		},
		"SubEffects": {
			"ApplyWardToSelf": {
				"SubEffectScript": "res://assets/Scripts/Actors/Effects/SubEffects/SubEffect_ApplyDamageMod.gd",
				"DamageModKey": "DamageMod1"
			},
			"ApplyWardToSelf": {
				"SubEffectScript": "res://assets/Scripts/Actors/Effects/SubEffects/SubEffect_ApplyDamageMod.gd",
				"DamageModKey": "DamageMod1"
			}
		}
	},
]
