[{"DamageDatas":{},"DamageMods":{},"Details":{"Description":"Test effect to buff health","DisplayName":"Test Health Buff","LargeIcon":"TestHeart.png","SmallIcon":"TestHeart.png","SnippetDesc":"Buff Health","Tags":[]},"EffectKey":"TestHealthBuff","StatMods":{"StatMod1":{"DisplayName":"Health Buff","ModType":"Add","StatName":"Health","Value":50}},"SubEffects":{"ApplyStatMod":{"StatModKey":"StatMod1","SubEffectScript":"res://assets/Scripts/Actors/Effects/SubEffects/SubEffect_ModStat.gd"}}},{"DamageDatas":{"DamageData1":{"AtkPower":100,"AtkStat":"Custom","BaseDamage":10,"DamageEffect":"Poison_DamageEffect","DamageType":"Poison","DamageVarient":0,"DefenseType":"None"}},"DamageMods":{},"Details":{"Description":"Take damage at the end of each turn for 3 turns.","DisplayName":"Test Poison","LargeIcon":"TestPoison.png","SmallIcon":"TestPoison.png","SnippetDesc":"Take damag each turn","Tags":[]},"EffectKey":"TestPoison","StatMods":{},"SubEffects":{"ApplyDamage":{"DamageKey":"DamageData1","OptionalTriggers":["OnTurnEnd"],"SubEffectScript":"res://assets/Scripts/Actors/Effects/SubEffects/SubEffect_ApplyDamage.gd"},"Duration":{"DurationType":"Turn","DurationValue":10,"SubEffectScript":"res://assets/Scripts/Actors/Effects/SubEffects/SubEffect_Duration.gd"}}},{"DamageDatas":{"DamageData1":{"AtkPower":100,"AtkStat":"Custom","BaseDamage":10,"DamageEffect":"Poison_DamageEffect","DamageType":"Poison","DamageVarient":0,"DefenseType":"None"}},"DamageMods":{},"Details":{"Description":"Take damage on move.","DisplayName":"Test Bleed","LargeIcon":"TestBlood.png","SmallIcon":"TestBlood.png","SnippetDesc":"Take damag on move","Tags":[]},"EffectKey":"TestBleed","StatMods":{},"SubEffects":{"ApplyDamage":{"DamageKey":"DamageData1","OptionalTriggers":["OnMove"],"SubEffectScript":"res://assets/Scripts/Actors/Effects/SubEffects/SubEffect_ApplyDamage.gd"},"Duration":{"DurationType":"Turn","DurationValue":10,"SubEffectScript":"res://assets/Scripts/Actors/Effects/SubEffects/SubEffect_Duration.gd"}}},{"DamageDatas":{},"DamageMods":{},"Details":{"Description":"Reflect Damage","DisplayName":"Test Reflect","LargeIcon":"TestHeart.png","SmallIcon":"TestHeart.png","SnippetDesc":"Reflect damage","Tags":[]},"EffectKey":"TestReflect","StatMods":{},"SubEffects":{"ShareDamage":{"ShareWith":"EffectSource","SubEffectScript":"res://assets/Scripts/Actors/Effects/SubEffects/SubEffect_ShareDamage.gd"}}},{"DamageDatas":{"DamageData1":{"AtkPower":100,"AtkStat":"Custom","BaseDamage":-50,"DamageEffect":"Heal_DamageEffect","DamageType":"Healing","DamageVarient":0,"DefenseType":"None"}},"DamageMods":{},"Details":{"Description":"Take health potion","DisplayName":"Test Health potion","LargeIcon":"TestHeart.png","SmallIcon":"TestHeart.png","SnippetDesc":"Take health potion","Tags":[]},"EffectKey":"TestHealthPotion","StatMods":{},"SubEffects":{"ApplyDamage":{"DamageKey":"DamageData1","OptionalTriggers":["OnCreate"],"SubEffectScript":"res://assets/Scripts/Actors/Effects/SubEffects/SubEffect_ApplyDamage.gd"},"Duration":{"DurationType":"Turn","DurationValue":1,"SubEffectScript":"res://assets/Scripts/Actors/Effects/SubEffects/SubEffect_Duration.gd"}}}]