[
	{
		"ActorKey": "TestActor",
		"DisplayName": "Test Actor",
		"SnippetDesc": "An actor made for testing.",
		"Description": "Description.",
		"Tags": ["AnActorTag", "Player", "Human"],
		"Sprite": "TestActorSprite.png",
		"MaxItemSlots": 5,
		"Items": ["TestHealingPotion","TestHealingPotion","TestHealingPotion"],
		"Stats":{
			"Max:Health":100,
			"Max:Stamina":100,
			"Max:Mana":100,
			"Mass":15,
			"Speed":10,
			"Level":69,
			"Strength": 100,
			"Armor": 80
		},
		"QueData":{
			"MaxSize": 4,
			"ActionList": ["MoveForward", "MoveLeft", "MoveRight","MoveBack", "TurnAround","TurnLeft","TurnRight","Wait","Dev_AnyEffect", "TestBullets","TestSlash","TestSlam","TestItem","TestMissile","TestZone"]
		}
	},
	
	
	{
		"ActorKey": "TestTarget",
		"DisplayName": "Test Target",
		"SnippetDesc": "An actor made for testing targeting.",
		"Description": "Description.",
		"Tags": ["Test"],
		"Sprite": "TestTargetSprite.png",
		"CorpseSprite": "TargetCorpse.png",
		"AutoQueing": false,
		"LeavesCorpse": true,
		"Stats":{
			"Max:Health":100,
			"Mass":100,
			"Speed":5,
			"Strength": 50,
			"Armor": 200
		},
		"QueData":{
			"MaxSize": 2,
			"ActionList": ["TotemMissile"]
		}
	},
	{
		"ActorKey": "TestOtherTarget",
		"DisplayName": "Test Target",
		"SnippetDesc": "An actor made for testing targeting.",
		"Description": "Description.",
		"Tags": ["Test"],
		"Sprite": "TargetCorpse.png",
		"CorpseSprite": "TargetCorpse.png",
		"Stats":{
			"Max:Health":100,
			"Mass":100,
			"Speed":15,
			"Strength": 50,
			"Armor": 10
		},
		"QueData":{
			"MaxSize": 0,
			"ActionList": []
		}
	}
]
