Squirrels,,,,,,,,,,
Actors,In Game,Icon,Tags,Check Keys,Description,Stats,Ai Actions,Drop Sets,,
Squirrel,TRUE,TRUE,TRUE,TRUE,TRUE,TRUE,TRUE,TRUE,,
Squirrcerer,TRUE,TRUE,TRUE,TRUE,TRUE,TRUE,TRUE,TRUE,,
Squirrior,TRUE,TRUE,TRUE,TRUE,TRUE,TRUE,TRUE,TRUE,,
,,,,,,,,,,
Actions,In Game,Icon,Tags,Check Keys,Description,Dam / Mods,Previews,Ammo,Action Verb,Frame Timing
Scratch,TRUE,TRUE,TRUE,TRUE,TRUE,TRUE,TRUE,TRUE,FALSE,???
Chuck Acorn,TRUE,TRUE,TRUE,TRUE,TRUE,TRUE,TRUE,TRUE,TRUE,???
Fire Acorn,TRUE,TRUE,TRUE,TRUE,TRUE,TRUE,TRUE,TRUE,TRUE,???
,,,,,,,,,,
Passives,In Game,Icon,Tags,Check Keys,Description,Mods,,,,
Squirrel Magic,TRUE,TRUE,TRUE,TRUE,TRUE,TRUE,,,,
Squirrely,TRUE,TRUE,TRUE,TRUE,TRUE,TRUE,,,,
,,,,,,,,,,
Equipment,In Game,Icon,Tags,Check Keys,Description,Mods,,,,
Squirrifesto,TRUE,TRUE,TRUE,TRUE,TRUE,??????????,,,,
Squirrel Armor,TRUE,TRUE,TRUE,TRUE,TRUE,TRUE,,,,
Leaf Pouch,FALSE,,,TRUE,,NA,,,,
,,,,,,,,,,
,,,,,,,,,,
,,,,,,,,,,
Bandits,,,,,,,,,,
Actors,In Game,Icon,Tags,Check Keys,Description,Stats,Ai Actions,Drop Sets,,
Bandit,TRUE,TRUE,TRUE,TRUE,TRUE,TRUE,TRUE,TRUE,,
Archer,TRUE,TRUE,TRUE,TRUE,TRUE,TRUE,TRUE,TRUE,,
Captain,TRUE,TRUE,TRUE,TRUE,TRUE,TRUE,TRUE,TRUE,,
,,,,,,,,,,
Actions,In Game,Icon,Tags,Check Keys,Description,Dam / Mods,Previews,Ammo,Action Verb,Frame Timing
Power Attack,FALSE,,,,,,,,,
Passives,In Game,Icon,Tags,Check Keys,Description,Mods,,,,
,,,,,,,,,,
Equipment,In Game,Icon,Tags,Check Keys,Description,Mods,,,,
Bandit Bible,TRUE,TRUE,TRUE,TRUE,TRUE,TRUE,,,,
Bandit Axe,TRUE,TRUE,TRUE,TRUE,TRUE,TRUE,,,,
Buckler,TRUE,TRUE,TRUE,TRUE,TRUE,TRUE,,,,
Bow,TRUE,TRUE,TRUE,TRUE,TRUE,TRUE,,,,
Big Mal-Ma,TRUE,TRUE,TRUE,TRUE,TRUE,TRUE,,,,
,,,,,,,,,,
,,,,,,,,,,
,,,,,,,,,,
Undead,,,,,,,,,,
Actors,In Game,Icon,Tags,Check Keys,Description,Stats,Ai Actions,Drop Sets,,
Zombie,TRUE,TRUE,TRUE,TRUE,TRUE,,TRUE,TRUE,,
Skeleton,TRUE,TRUE,TRUE,TRUE,TRUE,,TRUE,TRUE,,
Skeleton Mage,TRUE,TRUE,TRUE,TRUE,TRUE,,TRUE,TRUE,,
,,,,,,,,,,
Actions,In Game,Icon,Tags,Check Keys,Description,Dam / Mods,Previews,Ammo,Action Verb,Frame Timing
Bite,TRUE,TRUE,TRUE,TRUE,TRUE,TRUE,TRUE,TRUE,TRUE,TRUE
Dark Bolt,,TRUE,TRUE,TRUE,TRUE,TRUE,TRUE,TRUE,TRUE,TRUE
,,,,,,,,,,
Passives,In Game,Icon,Tags,Check Keys,Description,Mods,,,,
,,,,,,,,,,
Equipment,In Game,Icon,Tags,Check Keys,Description,Mods,,,,
Necroplanner,TRUE,TRUE,TRUE,TRUE,TRUE,TRUE,,,,
Bone Wand,TRUE,TRUE,TRUE,TRUE,TRUE,TRUE,,,,
,,,,,,,,,,
,,,,,,,,,,
,,,,,,,,,,
Slimes,,,,,,,,,,
Actors,In Game,Icon,Tags,Check Keys,Description,Stats,Ai Actions,Drop Sets,,
Slime Basic,TRUE,TRUE,TRUE,TRUE,TRUE,TRUE,TRUE,,,
Green Slime,TRUE,TRUE,TRUE,TRUE,TRUE,TRUE,TRUE,,,
,,,,,,,,,,
Actions,In Game,Icon,Tags,Check Keys,Description,Dam / Mods,Previews,Ammo,Action Verb,Frame Timing
Slime Spike,Kind of,TRUE,TRUE,TRUE,TRUE,TRUE,TRUE,TRUE,NA ,TRUE
,,,,,,,,,,
Passives,In Game,Icon,Tags,Check Keys,Description,Mods,,,,
Poison Skin,,TRUE,TRUE,TRUE,TRUE,TRUE,,,,
,,,,,,,,,,
Equipment,In Game,Icon,Tags,Check Keys,Description,Mods,,,,
Slime Binder,TRUE,TRUE,TRUE,TRUE,TRUE,TRUE,,,,
