{
	"ActorKey": "ExampleAction",
	
	"COMMENT_1": "Snippet and Description are loaded for Translator",
	"DisplayName": "Example Action",
	"SnippetDesc": "Move forward, fire missile, and heal an ally.",
	"Description": "Move forward one space, fire a missile at target in range, then heal an adjacent ally.",
	"Tags": ["Move","Misile","Test"],
	
	"COMMENT_2": "Preview Move is aplied before Turning. ie. ChessKnight's Move: [1,-2,1]",
	"PreviewMoveOffset": [0,-1,0],
	
	"PreviewTargetKey":"MissleTarget",
	"TargetParams":[
		{
			"TargetKey":"MissleTarget",
			"TargetType":"TAR_SPOT",
			"TargetArea": [[-1,1],[0,1],[1,1],[-1,2],[0,2],[1,2],[-1,3],[0,3],[1,3]],
			"LineOfSight": true
		},
		{
			"TargetKey":"HealTarget",
			"TargetType":"TAR_ALLY",
			"TargetAreaKey": "Adjacent_1",
			"LineOfSight": false
		}
	],
	"SubActions":{
		"0": {},
		"1": {},
		"2": {},
		"3": {},
		"4": {},
		"5": {
			"SubActionScript": "res://assets/Scripts/Actions/SubActions/SubAct_Move.gd",
			"MovementType": "Walk",
			"RelativeMovement": [0,-1,0]
		},
		"6": {},
		"7": {},
		"8": {},
		"9": {},
		"10": {
			"SubActionScript": "res://assets/Scripts/Actions/SubActions/SubAct_GetTarget.gd",
			"TargetKey": "MissleTarget"
		},
		"11": {
			"SubActionScript": "res://assets/Scripts/Actions/SubActions/SpawnMissileSubAction.gd",
			"TargetKey": "MissleTarget",
			"AttackPower": 25
		},
		"12": {},
		"13": {},
		"14": {},
		"15": {},
		"16": {
			"SubActionScript": "res://assets/Scripts/Actions/SubActions/SubAct_GetTarget.gd",
			"TargetKey": "HealTarget"
		},
		"17": {
			"SubActionScript": "res://assets/Scripts/Actions/SubActions/HealSubAction.gd",
			"TargetKey": "HealTarget",
			"AttackPower": -25
		},
		"18": {},
		"19": {},
		"20": {},
		"21": {},
		"22": {},
		"23": {}
	}
}
