[{"ActionKey":"SpawnTotem","CostData":{},"DamageDatas":{},"Description":"Spawn a totem which shoots 3 missiles per round","DisplayName":"Spawn Totem","LargeSprite":"TestTotem.png","MissileDatas":{},"PreviewTargetKey":"SpawnSpot","SmallSprite":"TestTotem.png","SnippetDesc":"Spawn a totem","SubActions":{"10":[{"SubActionScript":"res://assets/Scripts/Actions/SubActions/SubAct_GetTarget.gd","TargetKey":"SpawnSpot"}],"11":[{"ActorKey":"TestTotem","SubActionScript":"res://assets/Scripts/Actions/SubActions/SubAct_SpawnActor.gd","TargetKey":"SpawnSpot"}]},"Tags":["Attack"],"TargetParams":{"SpawnSpot":{"EffectArea":"[[-1,0],[1,0],[0,0],[0,1],[0,-1]]","LineOfSight":true,"TargetArea":"[[0,1],[-1,1],[-1,0],[-1,-1],[0,-1],[1,-1],[1,0],[1,1],[1,2],[0,2],[-1,2],[-2,2],[-2,1],[-2,0],[-2,-1],[-2,-2],[-1,-2],[0,-2],[1,-2],[2,-2],[2,-1],[2,0],[2,1],[2,2],[-1,3],[0,3],[1,3],[3,0],[3,-1],[-3,-1],[-3,0],[-3,1],[0,3],[-6,-8],[2,-2],[2,-1],[3,0],[3,1],[3,1],[3,0],[3,-1],[1,-2],[1,-1],[1,0],[1,1],[2,1],[2,2],[-2,2],[-2,1],[-2,0],[-2,-1],[-2,-2],[1,-3],[-1,-3],[-2,1],[-3,1],[0,-3]]","TargetType":"Spot"}}},{"ActionKey":"TotemMissile","CostData":{},"DamageDatas":{"Damage1":{"AtkStat":"Strength","BaseDamage":8,"DamageDataKey":"Damage1","DamageEffect":"Shot","DamageType":"Test","DefStat":"Strength"},"Damage2":{"AtkStat":"Strength","BaseDamage":8,"DamageEffect":"Shot","DamageType":"Test","DefStat":"Strength"}},"Description":"Test Target Test Target Test Target Test Target","DisplayName":"Test Target","LargeSprite":"TotemMissle.png","MissileDatas":{"Missle1":{"AnimationData":{"AnimationName":"","AnimationSpeed":1,"SpriteName":"TotemMissle.png","TileSheetHight":1,"TileSheetWidth":1},"DamageDataKey":"Damage1","FramesPerTile":6,"MissileDataKey":"Missle1"}},"PreviewTargetKey":"MissleTarget","SmallSprite":"TotemMissle.png","SnippetDesc":"Test Targeting","SubActions":{"0":[{"SubActionScript":"res://assets/Scripts/Actions/SubActions/SubAct_GetTarget.gd","TargetKey":"MissleTarget2"}],"5":[{"DamageKey":"Damage2","FramesPerTile":"3","MissileKey":"Missle1","SubActionScript":"res://assets/Scripts/Actions/SubActions/SubAct_SpawnMissile.gd","TargetKey":"MissleTarget2"}]},"Tags":["Attack"],"TargetParams":{"MissleTarget":{"EffectArea":[[-1,0],[1,0],[0,0],[0,1],[0,-1]],"LineOfSight":true,"TargetArea":"[[0,1],[-1,1],[-1,0],[-1,-1],[0,-1],[1,-1],[1,0],[1,1],[1,2],[0,2],[-1,2],[-2,2],[-2,1],[-2,0],[-2,-1],[-2,-2],[-1,-2],[0,-2],[1,-2],[2,-2],[2,-1],[2,0],[2,1],[2,2],[-1,3],[0,3],[1,3],[3,1],[3,0],[3,-1],[1,-3],[0,-3],[-1,-3],[-3,-1],[-3,0],[-3,1]]","TargetType":"Enemy"},"MissleTarget2":{"EffectArea":[[-1,0],[1,0],[0,0],[0,1],[0,-1]],"LineOfSight":true,"TargetArea":[[0,1],[-1,1],[-1,0],[-1,-1],[0,-1],[1,-1],[1,0],[1,1],[1,2],[0,2],[-1,2],[-2,2],[-2,1],[-2,0],[-2,-1],[-2,-2],[-1,-2],[0,-2],[1,-2],[2,-2],[2,-1],[2,0],[2,1],[2,2],[-1,3],[0,3],[1,3],[3,1],[3,0],[3,-1],[1,-3],[0,-3],[-1,-3],[-3,-1],[-3,0],[-3,1]],"TargetType":"Ally"}}}]