[
    {
        "ActionKey": "MoveForward",
        "CostData": {},
        "DamageDatas": {},
        "Details": {
            "Description": "Move Forward one spot",
            "DisplayName": "Move Forward",
            "LargeIcon": "MoveForward.png",
            "SmallIcon": "MoveForward.png",
            "SnippetDesc": "Move Forward one spot",
            "Tags": [
                "Movement"
            ]
        },
        "MissileDatas": {},
        "Preview": {
            "PreviewMoveOffset": "[0, -1, 0, 0]"
        },
        "SubActions": {
            "0": [
                {
                    "Animation": "walk/walk_out",
                    "SubActionScript": "res://assets/Scripts/Actions/SubActions/SubAct_AnimationInTo.gd"
                }
            ],
            "12": [
                {
                    "MovementType": "Walk",
                    "PlayWalkin": true,
                    "RelativePos": "[0, -1, 0, 0]",
                    "SubActionScript": "res://assets/Scripts/Actions/SubActions/SubAct_Move.gd"
                },
                {
                    "SubActionScript": "res://assets/Scripts/Actions/SubActions/SubAct_AnimationFinish.gd"
                }
            ]
        },
        "TargetParams": {}
    },
    {
        "ActionKey": "MoveBack",
        "CostData": {},
        "DamageDatas": {},
        "Details": {
            "Description": "Move Back one spot",
            "DisplayName": "Move Back",
            "LargeIcon": "MoveBack.png",
            "SmallIcon": "MoveBack.png",
            "SnippetDesc": "Move Back one spot",
            "Tags": [
                "Movement"
            ]
        },
        "MissileDatas": {},
        "Preview": {
            "PreviewMoveOffset": "[0, 1, 0, 0]"
        },
        "SubActions": {
            "11": [
                {
                    "MovementType": "Walk",
                    "RelativePos": "[0, 1, 0, 0]",
                    "SubActionScript": "res://assets/Scripts/Actions/SubActions/SubAct_Move.gd"
                }
            ]
        },
        "TargetParams": {}
    },
    {
        "ActionKey": "MoveLeft",
        "CostData": {},
        "DamageDatas": {},
        "Details": {
            "Description": "Move Back one spot",
            "DisplayName": "Move Back",
            "LargeIcon": "MoveLeft.png",
            "SmallIcon": "MoveLeft.png",
            "SnippetDesc": "Move Back one spot",
            "Tags": [
                "Movement"
            ]
        },
        "MissileDatas": {},
        "Preview": {
            "PreviewMoveOffset": "[-1, 0, 0, 0]"
        },
        "SubActions": {
            "11": [
                {
                    "MovementType": "Walk",
                    "RelativePos": "[-1, 0, 0, 0]",
                    "SubActionScript": "res://assets/Scripts/Actions/SubActions/SubAct_Move.gd"
                }
            ]
        },
        "TargetParams": {}
    },
    {
        "ActionKey": "MoveRight",
        "CostData": {},
        "DamageDatas": {},
        "Details": {
            "Description": "Move Back one spot",
            "DisplayName": "Move Back",
            "LargeIcon": "MoveRight.png",
            "SmallIcon": "MoveRight.png",
            "SnippetDesc": "Move Back one spot",
            "Tags": [
                "Movement"
            ]
        },
        "MissileDatas": {},
        "Preview": {
            "PreviewMoveOffset": "[1, 0, 0, 0]"
        },
        "SubActions": {
            "11": [
                {
                    "MovementType": "Walk",
                    "RelativePos": "[1, 0, 0, 0]",
                    "SubActionScript": "res://assets/Scripts/Actions/SubActions/SubAct_Move.gd"
                }
            ]
        },
        "TargetParams": {}
    },
    {
        "ActionKey": "TurnLeft",
        "CostData": {},
        "DamageDatas": {},
        "Details": {
            "Description": "Turn Left",
            "DisplayName": "Turn Left",
            "LargeIcon": "TurnLeft.png",
            "SmallIcon": "TurnRight.png",
            "SnippetDesc": "Turn Left",
            "Tags": [
                "Movement"
            ]
        },
        "MissileDatas": {},
        "Preview": {
            "PreviewMoveOffset": "[0, 0, 0, 3]"
        },
        "SubActions": {
            "11": [
                {
                    "MovementType": "Walk",
                    "RelativePos": "[0, 0, 0, 3]",
                    "SubActionScript": "res://assets/Scripts/Actions/SubActions/SubAct_Move.gd"
                }
            ]
        },
        "TargetParams": {}
    },
    {
        "ActionKey": "TurnRight",
        "CostData": {},
        "DamageDatas": {},
        "Details": {
            "Description": "Turn Right",
            "DisplayName": "Turn Right",
            "LargeIcon": "TurnRight.png",
            "SmallIcon": "TurnRight.png",
            "SnippetDesc": "Turn Right",
            "Tags": [
                "Movement"
            ]
        },
        "MissileDatas": {},
        "Preview": {
            "PreviewMoveOffset": "[0, 0, 0, 1]"
        },
        "SubActions": {
            "11": [
                {
                    "MovementType": "Walk",
                    "RelativePos": "[0, 0, 0, 1]",
                    "SubActionScript": "res://assets/Scripts/Actions/SubActions/SubAct_Move.gd"
                }
            ]
        },
        "TargetParams": {}
    },
    {
        "ActionKey": "Wait",
        "CostData": {},
        "DamageDatas": {},
        "Details": {
            "Description": "Do nothing for a turn.",
            "DisplayName": "Wait",
            "LargeIcon": "Wait.png",
            "SmallIcon": "Wait.png",
            "SnippetDesc": "Do nothing",
            "Tags": []
        },
        "MissileDatas": {},
        "Preview": {
            "PreviewMoveOffset": "[0, 0, 0, 0]"
        },
        "SubActions": {},
        "TargetParams": {}
    },
    {
        "ActionKey": "TurnAround",
        "CostData": {},
        "DamageDatas": {},
        "Details": {
            "Description": "Turn 180 degrees",
            "DisplayName": "Turn Around",
            "LargeIcon": "TurnAround.png",
            "SmallIcon": "TurnAround.png",
            "SnippetDesc": "Turn 180 degrees",
            "Tags": [
                "Movement"
            ]
        },
        "MissileDatas": {},
        "Preview": {
            "PreviewMoveOffset": "[0, 0, 0, 2]"
        },
        "SubActions": {
            "16": [
                {
                    "MovementType": "Walk",
                    "RelativePos": "[0, 0, 0, 3]",
                    "SubActionScript": "res://assets/Scripts/Actions/SubActions/SubAct_Move.gd"
                }
            ],
            "8": [
                {
                    "MovementType": "Walk",
                    "RelativePos": "[0, 0, 0, 3]",
                    "SubActionScript": "res://assets/Scripts/Actions/SubActions/SubAct_Move.gd"
                }
            ]
        },
        "TargetParams": {}
    }
]