[{"ActionKey":"SpawnTestTotem","CostData":{},"DamageDatas":{},"Details":{"Description":"Spawn a totem which attacks nearby enemies.","DisplayName":"Spawn Totem","LargeIcon":"TestTotem.png","SmallIcon":"TestTotem.png","SnippetDesc":"Spawn a totem","Tags":["Spell","Spawn"]},"MissileDatas":{},"Preview":{"PreviewTargetKey":"TargetParams1"},"SubActions":{"10":[{"AllowAlreadyTargeted":false,"AllowAutoTarget":false,"SetTargetKey":"Target1","SubActionScript":"res://assets/Scripts/Actions/SubActions/SubAct_GetTarget.gd","TargetParamKey":"TargetParams1"}],"11":[{"ActorKey":"TestTotem","SubActionScript":"res://assets/Scripts/Actions/SubActions/SubAct_SpawnActor.gd","TargetKey":"Target1"}]},"TargetParams":{"TargetParams1":{"EffectsAllies":false,"EffectsEnemies":false,"LineOfSight":true,"TargetArea":"[[0,1],[1,1],[1,0],[1,-1],[0,-1],[-1,-1],[-1,0],[-1,1],[-1,2],[0,2],[1,2],[2,1],[2,0],[2,-1],[1,-2],[0,-2],[-1,-2],[-2,-1],[-2,0],[-2,1]]","TargetType":"OpenSpot"}}},{"ActionKey":"TestTotemAttack","CostData":{},"DamageDatas":{"DamageData1":{"AtkPower":100,"AtkStat":"Custom","BaseDamage":10,"DamageEffect":"SmallFire_DamageEffect","DamageType":"Fire","DamageVarient":0.2,"DefenseType":"Ward"}},"Details":{"Description":"Attack used by TestTotem","DisplayName":"Totem Attack","LargeIcon":"TestTotem.png","SmallIcon":"TestTotem.png","SnippetDesc":"Attack used by TestTotem","Tags":["private"]},"MissileDatas":{"Missile1":{"DamageDataKey":"DamageData1","FramesPerTile":4,"ImpactVfxKey":"SmallFire_DamageEffect","MissileVfxKey":"FireMissile"}},"Preview":{"PreviewTargetKey":"TargetParams1"},"SubActions":{"0":[{"AllowAlreadyTargeted":false,"AllowDeadTargets":false,"SetTargetKey":"Target1","SubActionScript":"res://assets/Scripts/Actions/SubActions/SubAct_GetTargetRandom.gd","TargetParamKey":"TargetParams1"}],"1":[{"DamageKey":"DamageData1","MissileKey":"Missile1","SubActionScript":"res://assets/Scripts/Actions/SubActions/SubAct_SpawnMissile.gd","TargetKey":"Target1","TargetParamKey":"TargetParams1"}]},"TargetParams":{"TargetParams1":{"EffectsAllies":false,"EffectsEnemies":false,"LineOfSight":true,"TargetArea":"[[0,1],[1,1],[1,0],[1,-1],[0,-1],[-1,-1],[-1,0],[-1,1],[-1,2],[0,2],[1,2],[2,1],[2,0],[2,-1],[1,-2],[0,-2],[-1,-2],[-2,-1],[-2,0],[-2,1]]","TargetType":"Enemy"}}}]